Rank,Product Name,Product URL,Image URL,Price,MRP,Discount,Rating,Rating Count,Delivery Time,Pack/Size,Max Quantity,Fetched Date,Fetched Time
1,Red Bull Energy Drink,https://www.zeptonow.com/pn/red-bull-energy-drink/pvid/6d6381a9-3992-4e77-84b8-0d5200d6e92a,"https://cdn.zeptonow.com/production/tr:w-1280,ar-1000-1000,pr-true,f-auto,q-80/cms/product_variant/1a7c5ae4-58ca-4b92-afc5-9931f75c6319.jpeg",₹124,₹125,₹1 Off,4.7,(9.2k),9 mins,250 ml,17,2025-07-12,10:14:47
2,Pepsi Soft Drink,https://www.zeptonow.com/pn/pepsi-soft-drink/pvid/7809c74d-5d4b-4e1b-a29f-621c17765d09,"https://cdn.zeptonow.com/production/tr:w-1280,ar-1200-1200,pr-true,f-auto,q-80/cms/product_variant/4c8b713f-1622-482d-91a8-50ee4f1f6a52.jpeg",₹40,,,4.7,(10.5k),9 mins,750 ml,24,2025-07-12,10:14:47
3,Diet Coke Cola Diet Soft Drink Can,https://www.zeptonow.com/pn/diet-coke-cola-diet-soft-drink-can/pvid/26d064b9-25df-44a4-811b-cba9146cfd3b,"https://cdn.zeptonow.com/production/tr:w-1280,ar-2400-2400,pr-true,f-auto,q-80/cms/product_variant/221420f0-e673-419e-9fb1-acb974557e66.jpeg",₹40,,,4.7,(8.9k),9 mins,300 ml,12,2025-07-12,10:14:47
4,Sprite Lemon and Lime Soft Drink,https://www.zeptonow.com/pn/sprite-lemon-and-lime-soft-drink/pvid/f5df501b-ba7d-49ef-91b9-bc5c79c51dd8,"https://cdn.zeptonow.com/production/tr:w-1280,ar-2400-2400,pr-true,f-auto,q-80/cms/product_variant/2fb0b791-ee38-4341-9494-1dfe361acb5f.jpg",₹40,,,4.7,(21.8k),9 mins,750 ml,24,2025-07-12,10:14:47
5,Storia Tender Coconut Water,https://www.zeptonow.com/pn/storia-tender-coconut-water/pvid/7f630712-149f-46c9-b52f-4b2c09e3d27d,"https://cdn.zeptonow.com/production/tr:w-1280,ar-2000-2000,pr-true,f-auto,q-80/cms/product_variant/40e0a528-75c0-45e5-ab98-255fc62ef2b8.jpeg",₹98,₹178,₹80 Off,4.7,(1.8k),9 mins,1 L,6,2025-07-12,10:14:47
6,Amul Masti Spiced Buttermilk,https://www.zeptonow.com/pn/amul-masti-spiced-buttermilk/pvid/a8fc94dd-57fc-40a4-a9fe-f21c3a358521,"https://cdn.zeptonow.com/production/tr:w-1280,ar-2000-2000,pr-true,f-auto,q-80/cms/product_variant/3914b79d-2e1a-4422-887a-513ecacf7196.jpeg",₹15,,,4.7,(12.0k),9 mins,200 ml,16,2025-07-12,10:14:47
7,HELL Energy Drink,https://www.zeptonow.com/pn/hell-energy-drink/pvid/a9c51005-3987-4f7a-88cd-384f30116910,"https://cdn.zeptonow.com/production/tr:w-1280,ar-900-900,pr-true,f-auto,q-80/cms/product_variant/b1be6d21-e5a6-4bf4-9d12-3b8caf4ca8f1.jpeg",₹60,,,4.7,(18.7k),9 mins,250 ml,24,2025-07-12,10:14:47
8,Coolberg Cranberry Non Alcoholic Beer,https://www.zeptonow.com/pn/coolberg-cranberry-non-alcoholic-beer/pvid/8a87485a-019f-4108-8a58-b83b28c7a819,"https://cdn.zeptonow.com/production/tr:w-1280,ar-2084-2084,pr-true,f-auto,q-80/cms/product_variant/73d169ca-cc6f-4eec-ba4d-f231ba83b6e8.jpeg",₹92,₹99,₹7 Off,4.7,(1.8k),9 mins,330 ml,11,2025-07-12,10:14:47
9,Jimmy's Sex on the beach Cocktail Mixer,https://www.zeptonow.com/pn/jimmys-sex-on-the-beach-cocktail-mixer/pvid/65706353-e461-4386-b0f0-c7c66abb1cce,"https://cdn.zeptonow.com/production/tr:w-1280,ar-1200-1200,pr-true,f-auto,q-80/cms/product_variant/ca2189b4-4ef6-4f90-aa60-b9fb57ef3413.jpeg",₹59,₹120,₹61 Off,4.8,(336),9 mins,250 ml,3,2025-07-12,10:14:47
10,Sepoy & Co. Classic Lemonade,https://www.zeptonow.com/pn/sepoy-co-classic-lemonade/pvid/9b088b7d-c3c9-428d-b2be-8eba9df2f10a,"https://cdn.zeptonow.com/production/tr:w-1280,ar-2400-2400,pr-true,f-auto,q-80/cms/product_variant/ba156814-f7f7-481a-9dcc-9afc6d8498d8.jpeg",₹102,₹110,₹8 Off,4.8,(93),9 mins,200 ml,2,2025-07-12,10:14:47
11,Frooti Mango Fruit Juice,https://www.zeptonow.com/pn/frooti-mango-fruit-juice/pvid/80c00d69-d2b9-45f6-aac9-2771dc94683f,"https://cdn.zeptonow.com/production/tr:w-1280,ar-1200-1200,pr-true,f-auto,q-80/cms/product_variant/b0bddcaf-3fa6-43b2-bd6d-8eceebbb9e37.jpeg",₹91,₹100,₹9 Off,4.7,(6.7k),9 mins,1.8 L,12,2025-07-12,10:14:47
12,Maaza Mango Fruit Juice,https://www.zeptonow.com/pn/maaza-mango-fruit-juice/pvid/8d9983c5-593c-42ed-8bee-33314f213021,"https://cdn.zeptonow.com/production/tr:w-1280,ar-1200-1200,pr-true,f-auto,q-80/cms/product_variant/4efbd48b-371b-4daf-9bdf-fd0d884dd8fb.jpeg",₹40,,,4.6,(15.8k),9 mins,600 ml,24,2025-07-12,10:14:47
13,Thums Up Soft Drink,https://www.zeptonow.com/pn/thums-up-soft-drink/pvid/7e9d72bc-98ea-4d0c-9147-c886c6a453ef,"https://cdn.zeptonow.com/production/tr:w-1280,ar-1200-1200,pr-true,f-auto,q-80/cms/product_variant/acdceef2-3ec0-4d89-b7e2-0ea08e69faf5.jpeg",₹40,,,4.7,(48.1k),9 mins,750 ml,24,2025-07-12,10:14:47
14,Coca Cola Soft Drink,https://www.zeptonow.com/pn/coca-cola-soft-drink/pvid/fed97af4-b3bb-44b4-9390-d2748ce7cdc1,"https://cdn.zeptonow.com/production/tr:w-1280,ar-1200-1200,pr-true,f-auto,q-80/cms/product_variant/e8143a5e-6cc5-45ce-ab5f-a60754dc087d.jpeg",₹40,,,4.7,(23.4k),9 mins,750 ml,24,2025-07-12,10:14:47
15,Limca Lemon Soft Drink,https://www.zeptonow.com/pn/limca-lemon-soft-drink/pvid/a50b84a1-9814-465f-8b26-8799e1c0d136,"https://cdn.zeptonow.com/production/tr:w-1280,ar-1200-1200,pr-true,f-auto,q-80/cms/product_variant/d0cce1c4-3b6a-421a-a433-b088aabf907a.jpeg",₹40,,,4.8,(7.0k),9 mins,750 ml,12,2025-07-12,10:14:47
16,Mountain Dew Citrus Soft Drink,https://www.zeptonow.com/pn/mountain-dew-citrus-soft-drink/pvid/cfb0f907-1d93-4196-89c6-80a9439c8a75,"https://cdn.zeptonow.com/production/tr:w-1280,ar-1000-1000,pr-true,f-auto,q-80/cms/product_variant/c48f86ee-18d9-418b-91d3-66bc0617ce02.jpeg",₹40,,,4.7,(5.7k),9 mins,750 ml,8,2025-07-12,10:14:47
17,Dabur Real Fruit Power Masala Mixed Fruit Juice,https://www.zeptonow.com/pn/dabur-real-fruit-power-masala-mixed-fruit-juice/pvid/f470d884-1efa-4e31-a099-108799f90112,"https://cdn.zeptonow.com/production/tr:w-1280,ar-2000-2000,pr-true,f-auto,q-80/cms/product_variant/32d2cb81-ba7e-4e32-aec4-2036352013ab.jpeg",₹75,₹150,₹75 Off,4.6,(6.4k),9 mins,1 L,24,2025-07-12,10:14:47
18,Dabur Real Activ Tender Coconut Water,https://www.zeptonow.com/pn/dabur-real-activ-tender-coconut-water/pvid/ae1d7a60-e28b-4574-a885-78ef94d6dcef,"https://cdn.zeptonow.com/production/tr:w-1280,ar-1177-2376,pr-true,f-auto,q-80/cms/product_variant/e7a3cb6a-e1f8-40e9-a77b-33e95e40e37f.jpeg",₹91,₹178,₹87 Off,4.4,(1.8k),9 mins,1 L,5,2025-07-12,10:14:47
19,Thums Up Soft Drink,https://www.zeptonow.com/pn/thums-up-soft-drink/pvid/03ce3bbd-406f-4822-9e7d-af067d4ef5b5,"https://cdn.zeptonow.com/production/tr:w-1280,ar-1200-1200,pr-true,f-auto,q-80/cms/product_variant/6769173d-138e-4dad-a053-5592d7ca726b.jpeg",₹97,₹99,₹2 Off,4.7,(48.1k),9 mins,2 l,12,2025-07-12,10:14:47
20,Hamdard Rooh Afza Rose Sharbat,https://www.zeptonow.com/pn/hamdard-rooh-afza-rose-sharbat/pvid/84a94db7-dc56-4738-96f6-ee1740ae42f0,"https://cdn.zeptonow.com/production/tr:w-1280,ar-2400-2400,pr-true,f-auto,q-80/cms/product_variant/9df7efef-7090-4642-a7e4-1aee994acb24.jpeg",₹179,₹180,₹1 Off,4.7,(336),9 mins,750 ml,12,2025-07-12,10:14:47
21,Amul Masti Spiced Buttermilk,https://www.zeptonow.com/pn/amul-masti-spiced-buttermilk/pvid/c6c27ff4-fd07-43c7-8691-31537db07f76,"https://cdn.zeptonow.com/production/tr:w-1280,ar-2000-2000,pr-true,f-auto,q-80/cms/product_variant/63d33414-97f5-4dfa-823d-56f33740deb9.jpeg",₹70,,,4.7,(12.0k),9 mins,1 L,10,2025-07-12,10:14:47
22,Sting Energy Drink,https://www.zeptonow.com/pn/sting-energy-drink/pvid/04130cf7-5ba0-4ed8-ac7b-7fe35beeb83c,"https://cdn.zeptonow.com/production/tr:w-1280,ar-1200-1200,pr-true,f-auto,q-80/cms/product_variant/d2f81eb7-c656-4a67-916e-96956dc0c2f1.jpeg",₹20,,,4.7,(23.6k),9 mins,250 ml,16,2025-07-12,10:14:47
23,Coca Cola Soft Drink,https://www.zeptonow.com/pn/coca-cola-soft-drink/pvid/e7584d5d-6d99-44c2-89b9-5f50cccd50d7,"https://cdn.zeptonow.com/production/tr:w-1280,ar-1200-1200,pr-true,f-auto,q-80/cms/product_variant/766813b6-6996-4af8-bf6a-923c351e1756.jpeg",₹99,,,4.7,(23.4k),9 mins,2 l,6,2025-07-12,10:14:47
24,Perrier Natural Sparkling Water,https://www.zeptonow.com/pn/perrier-natural-sparkling-water/pvid/3ad14843-0d8d-406d-ba61-3f7ddb1af331,"https://cdn.zeptonow.com/production/tr:w-1280,ar-1500-1500,pr-true,f-auto,q-80/cms/product_variant/d1dc01bd-42e4-4548-98a8-bd56f6cc2999.jpg",₹660,,,5.0,(52),9 mins,4 x 330 ml,4,2025-07-12,10:14:47
25,Bombay Banta Masala Cola Soda,https://www.zeptonow.com/pn/bombay-banta-masala-cola-soda/pvid/fbdcdf5d-e0db-4b0c-a12d-05058e3a88a3,"https://cdn.zeptonow.com/production/tr:w-1280,ar-1080-1080,pr-true,f-auto,q-80/cms/product_variant/eeb648a1-894e-45af-a466-ba43b09403b3.jpg",₹240,,,4.6,(147),9 mins,1 pack (12 pcs),1,2025-07-12,10:14:47
26,Bombay Banta Masala Soda,https://www.zeptonow.com/pn/bombay-banta-masala-soda/pvid/f146eff7-fdc1-4e82-80d2-f0fc5b7a9a7a,"https://cdn.zeptonow.com/production/tr:w-1280,ar-1000-1000,pr-true,f-auto,q-80/cms/product_variant/c4ed44b9-9192-474c-aace-45e020f7bf43.jpeg",₹233,₹240,₹7 Off,4.4,(947),9 mins,12 piece,3,2025-07-12,10:14:47
27,Hershey's Chocolate Syrup,https://www.zeptonow.com/pn/hersheys-chocolate-syrup/pvid/87a5dad2-6391-4c1e-b9b1-fa42012f9778,"https://cdn.zeptonow.com/production/tr:w-1280,ar-1000-1000,pr-true,f-auto,q-80/cms/product_variant/ac73365a-4c27-4a91-8cbe-9150f5ac26e4.jpeg",₹238,₹250,₹12 Off,4.4,(215),9 mins,623 g,2,2025-07-12,10:14:47
28,Epigamia Turbo Chocolate Protein Milkshake,https://www.zeptonow.com/pn/epigamia-turbo-chocolate-protein-milkshake/pvid/65bbf7df-354b-4bba-b6fa-8ddcd2468d84,"https://cdn.zeptonow.com/production/tr:w-1280,ar-1500-1500,pr-true,f-auto,q-80/cms/product_variant/5f51fa49-7984-42c8-8475-1074bd8523fb.jpeg",₹135,₹150,₹15 Off,4.3,(407),9 mins,250 ml,6,2025-07-12,10:14:47
29,Fast&up Assorted Flavoured Energy Drink,https://www.zeptonow.com/pn/fastup-assorted-flavoured-energy-drink/pvid/1d136589-3185-4d8a-bb5d-dd22456c03dd,"https://cdn.zeptonow.com/production/tr:w-1280,ar-1000-1000,pr-true,f-auto,q-80/cms/product_variant/47e98820-6345-4233-b05b-4adde7c51796.jpeg",₹673,₹1180,₹507 Off,4.5,(52),9 mins,1 pack (4 pcs),1,2025-07-12,10:14:47
30,Good Monk Orange Instant Drink Mix,https://www.zeptonow.com/pn/good-monk-orange-instant-drink-mix/pvid/e325840f-78b7-4364-9ef3-4b3efc64958d,"https://cdn.zeptonow.com/production/tr:w-1280,ar-2400-2400,pr-true,f-auto,q-80/cms/product_variant/2e9f903e-1f39-4ee3-80d9-f866789c07ce.jpeg",₹600,,,4.5,(655),11 mins,396 g,1,2025-07-12,10:14:47
31,Mountain Dew Citrus Soft Drink,https://www.zeptonow.com/pn/mountain-dew-citrus-soft-drink/pvid/ab1e4483-982c-47c7-9dec-8176fcac278c,"https://cdn.zeptonow.com/production/tr:w-1280,ar-700-700,pr-true,f-auto,q-80/cms/product_variant/7e80bda7-0e9a-49d4-a79a-8d46f291fe85.jpeg",₹95,₹100,₹5 Off,4.7,(1.5k),9 mins,2.25 L,8,2025-07-12,10:14:47
32,Epigamia Turbo Coffee Protein Milkshake,https://www.zeptonow.com/pn/epigamia-turbo-coffee-protein-milkshake/pvid/403f785a-8d9a-48de-8dcc-0a2c987409c2,"https://cdn.zeptonow.com/production/tr:w-1280,ar-1500-1500,pr-true,f-auto,q-80/cms/product_variant/fd9d8c9d-8d3d-4f95-8d60-d819b4d91806.jpeg",₹135,₹150,₹15 Off,4.2,(138),9 mins,250 ml,4,2025-07-12,10:14:47
33,Raw Pressery Tender Coconut Water,https://www.zeptonow.com/pn/raw-pressery-tender-coconut-water/pvid/1978295f-e810-467a-962a-302ee6710168,"https://cdn.zeptonow.com/production/tr:w-1280,ar-1200-1200,pr-true,f-auto,q-80/cms/product_variant/10163070-4a53-4cc0-9d8d-b734ae160649.jpeg",₹294,₹420,₹126 Off,4.6,(741),9 mins,1.2 L,3,2025-07-12,10:14:47
34,Alt Co. Almond Milk,https://www.zeptonow.com/pn/alt-co-almond-milk/pvid/2f72762b-5215-495c-a9b9-9726b553e7b0,"https://cdn.zeptonow.com/production/tr:w-1280,ar-1500-1500,pr-true,f-auto,q-80/cms/product_variant/b02171d7-22f4-4904-abbb-8f167f3d7e22.jpeg",₹270,₹299,₹29 Off,4.2,(270),9 mins,1 L,1,2025-07-12,10:14:47
35,Good Monk Orange Instant Powder Mix,https://www.zeptonow.com/pn/good-monk-orange-instant-powder-mix/pvid/6aa1ee34-9dfb-4722-a5ad-773ab61592ba,"https://cdn.zeptonow.com/production/tr:w-1280,ar-2400-2400,pr-true,f-auto,q-80/cms/product_variant/3cd6676f-3b15-4883-9549-fba39099bcc3.jpeg",₹600,,,4.4,(356),11 mins,396 g,2,2025-07-12,10:14:47
36,Bailley Packaged Drinking Water,https://www.zeptonow.com/pn/bailley-packaged-drinking-water/pvid/37cbff45-4e06-4a0b-915b-9ae16344077f,"https://cdn.zeptonow.com/production/tr:w-1280,ar-1200-1200,pr-true,f-auto,q-80/cms/product_variant/7c4f34dc-022f-49d7-b7dd-395e44645c46.jpeg",₹70,,,4.6,(879),9 mins,5 L,1,2025-07-12,10:14:47
37,Epigamia Turbo Cookies and Cream Protein Milkshake,https://www.zeptonow.com/pn/epigamia-turbo-cookies-and-cream-protein-milkshake/pvid/b1ca615f-5384-4135-981d-343c46308dcd,"https://cdn.zeptonow.com/production/tr:w-1280,ar-1500-1500,pr-true,f-auto,q-80/cms/product_variant/b5df7f76-a7f1-48db-a19f-788cef918a6a.jpeg",₹135,₹150,₹15 Off,4.5,(207),9 mins,250 ml,4,2025-07-12,10:14:47
38,Appy Fizz Apple Soft Drink | Pet,https://www.zeptonow.com/pn/appy-fizz-apple-soft-drink-pet/pvid/f8012f67-d0d8-4323-93ef-5d333bcf9119,"https://cdn.zeptonow.com/production/tr:w-1280,ar-1200-1200,pr-true,f-auto,q-80/cms/product_variant/616431d6-d577-4e8f-90f0-fb1a2d1bedc8.jpeg",₹66,₹70,₹4 Off,4.7,(4.1k),9 mins,1 L,1,2025-07-12,10:14:47
39,Bombay Banta Lemon Soda,https://www.zeptonow.com/pn/bombay-banta-lemon-soda/pvid/9de9bba5-c982-4521-8f2f-aa0d6cc65e0d,"https://cdn.zeptonow.com/production/tr:w-1280,ar-1500-1500,pr-true,f-auto,q-80/cms/product_variant/6ede59da-64d3-447b-b4f8-103b908881ff.jpeg",₹217,₹240,₹23 Off,4.3,(707),9 mins,1 pack (12 pcs),4,2025-07-12,10:14:47
40,Hershey's Caramel Syrup,https://www.zeptonow.com/pn/hersheys-caramel-syrup/pvid/47458cc6-6031-47ba-b205-6a9043451aad,"https://cdn.zeptonow.com/production/tr:w-1280,ar-1000-1000,pr-true,f-auto,q-80/cms/product_variant/f647348f-38e8-40c7-91b9-5945a5e48ea3.jpeg",₹252,₹265,₹13 Off,4.8,(89),9 mins,623 g,2,2025-07-12,10:14:47
41,Coolberg Non Alcoholic Beer | Party Pack,https://www.zeptonow.com/pn/coolberg-non-alcoholic-beer-party-pack/pvid/e2eb868d-5870-4ea4-a1b4-fc8315ccd7fa,"https://cdn.zeptonow.com/production/tr:w-1280,ar-1087-1087,pr-true,f-auto,q-80/cms/product_variant/78e73658-440e-4c3f-9a04-6ead76fc1d1d.png",₹542,₹594,₹52 Off,5.0,(51),9 mins,6 x 330 ml,3,2025-07-12,10:14:47
42,Good Monk Mixed Berries Instant Powder Mix,https://www.zeptonow.com/pn/good-monk-mixed-berries-instant-powder-mix/pvid/8ca33985-102e-4aac-b032-4733509a0d10,"https://cdn.zeptonow.com/production/tr:w-1280,ar-1080-1080,pr-true,f-auto,q-80/cms/product_variant/037e0221-7914-4c5c-bc17-121a804b0040.jpeg",₹600,,,4.2,(545),11 mins,396 g,1,2025-07-12,10:14:47
43,Fast&Up Nightout Instant Hangover Relief Drink,https://www.zeptonow.com/pn/fastup-nightout-instant-hangover-relief-drink/pvid/0676c7f0-42a1-4057-b928-5b314d5cf05d,"https://cdn.zeptonow.com/production/tr:w-1280,ar-1500-1500,pr-true,f-auto,q-80/cms/product_variant/f8306fed-bc8c-4700-abe5-e18a2fca2f79.jpeg",₹142,₹149,₹7 Off,4.1,(69),9 mins,1 pack (4 pcs),2,2025-07-12,10:14:47
44,Maiva Pro Vanilla 20g Plant Protein 20 Multivitamin VEGan Shake,https://www.zeptonow.com/pn/maiva-pro-vanilla-20g-plant-protein-20-multivitamin-vegan-shake/pvid/e961d29d-dfa4-47c1-b81a-c7188508b75d,"https://cdn.zeptonow.com/production/tr:w-1280,ar-1200-1200,pr-true,f-auto,q-80/cms/product_variant/7066562b-8546-4bfa-b00b-ce8b23971c4e.jpg",₹120,₹150,₹30 Off,4.5,(388),9 mins,300 ml,1,2025-07-12,10:14:47
45,Epigamia Turbo Vanilla and Caramel Protein Milkshake,https://www.zeptonow.com/pn/epigamia-turbo-vanilla-and-caramel-protein-milkshake/pvid/e3d82530-d213-4a84-b68d-a81f8764afa2,"https://cdn.zeptonow.com/production/tr:w-1280,ar-1500-1500,pr-true,f-auto,q-80/cms/product_variant/f93dad73-52e2-4df6-90f9-ecbccb069692.jpeg",₹135,₹150,₹15 Off,4.4,(238),9 mins,250 ml,5,2025-07-12,10:14:47
46,Bombay Banta Assorted Flavoured Soft Drink,https://www.zeptonow.com/pn/bombay-banta-assorted-flavoured-soft-drink/pvid/4f645769-2a09-4a6a-8bef-5dc6fd4625cd,"https://cdn.zeptonow.com/production/tr:w-1280,ar-1000-1000,pr-true,f-auto,q-80/cms/product_variant/6cdb1ec4-b804-4d81-91c8-def49c7a0a9a.jpeg",₹162,₹180,₹18 Off,4.8,(71),9 mins,8 x 250 ml,4,2025-07-12,10:14:47
47,Bombay Banta Imli Chaska Soda,https://www.zeptonow.com/pn/bombay-banta-imli-chaska-soda/pvid/7f7b7d9c-4f8e-484e-a86c-cfe1deb7bb20,"https://cdn.zeptonow.com/production/tr:w-1280,ar-1000-1000,pr-true,f-auto,q-80/cms/product_variant/2e2bae8b-c2b2-4155-8ab1-bbfd7d6e7acb.jpeg",₹217,₹240,₹23 Off,4.2,(143),9 mins,1 pack (12 pcs),3,2025-07-12,10:14:47
48,Fast&Up Reload Zero Sugar Energy Drink for Hydration - Ice Current Flavour,https://www.zeptonow.com/pn/fastup-reload-zero-sugar-energy-drink-for-hydration-ice-current-flavour/pvid/a882b6ec-f992-435e-946e-aaad037ca556,"https://cdn.zeptonow.com/production/tr:w-1280,ar-1000-1000,pr-true,f-auto,q-80/cms/product_variant/addaa0e8-2cc2-4acf-8232-960487252f4e.jpeg",₹283,₹310,₹27 Off,4.6,(981),9 mins,1 pack (22 pcs),2,2025-07-12,10:14:47
49,Raw Pressery Almond Milk,https://www.zeptonow.com/pn/raw-pressery-almond-milk/pvid/1b1b90cc-ad0a-4f14-81a4-14f22b8b64ac,"https://cdn.zeptonow.com/production/tr:w-1280,ar-1500-1500,pr-true,f-auto,q-80/cms/product_variant/f19cec89-f8f7-4054-bd30-a033655f61f1.jpeg",₹283,₹325,₹42 Off,4.5,(113),9 mins,1 L,3,2025-07-12,10:14:47
50,Good Monk Pineapple Instant Drink Mix,https://www.zeptonow.com/pn/good-monk-pineapple-instant-drink-mix/pvid/dfc4eae1-4466-47da-837c-ba475bdaae27,"https://cdn.zeptonow.com/production/tr:w-1280,ar-2400-2400,pr-true,f-auto,q-80/cms/product_variant/562e66dd-4af5-45dd-b7e9-ddb183251b02.jpeg",₹600,,,4.2,(541),11 mins,396 g,2,2025-07-12,10:14:47
51,Bombay Banta Lemon Soda Soft Drink,https://www.zeptonow.com/pn/bombay-banta-lemon-soda-soft-drink/pvid/3a989903-630f-49ac-b170-7b2c7bc1a2ab,"https://cdn.zeptonow.com/production/tr:w-1280,ar-2000-2000,pr-true,f-auto,q-80/cms/product_variant/e8389eff-f9a1-423e-9b8a-499206032fe8.jpeg",₹19,₹20,₹1 Off,4.6,(876),9 mins,250 ml,6,2025-07-12,10:14:47
52,Hershey's Strawberry Syrup,https://www.zeptonow.com/pn/hersheys-strawberry-syrup/pvid/decb8a7d-bc15-4aa5-b610-f667e86c97f8,"https://cdn.zeptonow.com/production/tr:w-1280,ar-1000-1000,pr-true,f-auto,q-80/cms/product_variant/499603f1-020a-40bb-a71f-838b96797d8d.jpeg",₹110,₹115,₹5 Off,4.4,(174),9 mins,200 g,2,2025-07-12,10:14:47
53,Bombay Banta Kala Khatta Black Currant Soda,https://www.zeptonow.com/pn/bombay-banta-kala-khatta-black-currant-soda/pvid/e71986ee-9129-455c-a887-4e1b057d3480,"https://cdn.zeptonow.com/production/tr:w-1280,ar-2400-2400,pr-true,f-auto,q-80/cms/product_variant/12b103de-dbd0-410e-bb4b-a57ef4e8045d.jpeg",₹217,₹240,₹23 Off,4.7,(773),9 mins,1 pack (12 pcs),2,2025-07-12,10:14:47
54,Fast&Up Reload Energy Drink Low Sugar Electrolyte - Mojito Flavour,https://www.zeptonow.com/pn/fastup-reload-energy-drink-low-sugar-electrolyte-mojito-flavour/pvid/24664565-a53a-4c06-b3ec-b41fb8b64639,"https://cdn.zeptonow.com/production/tr:w-1280,ar-1000-1000,pr-true,f-auto,q-80/cms/product_variant/ebadecf3-dcdb-4c81-a4c4-519de7e355e7.jpeg",₹274,₹295,₹21 Off,4.2,(843),9 mins,1 pack (20 pcs),2,2025-07-12,10:14:47
55,Aava Sparkling Water,https://www.zeptonow.com/pn/aava-sparkling-water/pvid/0d29a119-9f54-4071-a8b7-116cfac4dfc4,"https://cdn.zeptonow.com/production/tr:w-1280,ar-1000-1000,pr-true,f-auto,q-80/cms/product_variant/b3129f8c-b4dd-424a-a46e-172101fd33d8.jpeg",₹600,,,3.9,(52),9 mins,6 x 500 ml,1,2025-07-12,10:14:47
56,Maiva Pro Coffee 20g Plant Protein 20 Multivitamin Shake,https://www.zeptonow.com/pn/maiva-pro-coffee-20g-plant-protein-20-multivitamin-shake/pvid/04a5dce2-b983-425c-8383-3d71f92f3763,"https://cdn.zeptonow.com/production/tr:w-1280,ar-1200-1200,pr-true,f-auto,q-80/cms/product_variant/5bd74e98-bde1-46c9-a86e-e8c595feff8e.jpg",₹120,₹150,₹30 Off,4.6,(288),9 mins,300 ml,2,2025-07-12,10:14:47
57,Raw Pressery Cocoa Almond Milk,https://www.zeptonow.com/pn/raw-pressery-cocoa-almond-milk/pvid/0e2db924-61fa-4ed0-a156-0a1cf73b455a,"https://cdn.zeptonow.com/production/tr:w-1280,ar-1200-1200,pr-true,f-auto,q-80/cms/product_variant/b5c4579f-33ff-4d16-bff0-b17ed7ad6b10.jpeg",₹283,₹325,₹42 Off,4.4,(287),9 mins,1 L,3,2025-07-12,10:14:47
58,Bombay Banta Imli Jeera Soft Drink,https://www.zeptonow.com/pn/bombay-banta-imli-jeera-soft-drink/pvid/be528717-fa5a-4c31-a02e-a282e1e8952e,"https://cdn.zeptonow.com/production/tr:w-1280,ar-2000-2000,pr-true,f-auto,q-80/cms/product_variant/d405b473-0e6b-4399-8f08-df8bdb558a73.jpeg",₹19,₹20,₹1 Off,4.4,(768),9 mins,250 ml,6,2025-07-12,10:14:47
59,Epigamia Greek Yogurt Blueberry Smoothie,https://www.zeptonow.com/pn/epigamia-greek-yogurt-blueberry-smoothie/pvid/52cd9ab1-a85b-41fe-b213-341e3dfd82d6,"https://cdn.zeptonow.com/production/tr:w-1280,ar-1500-1500,pr-true,f-auto,q-80/cms/product_variant/c040b33a-4b9f-425e-ac56-f859645a9bcc.jpeg",₹80,,,4.7,(205),9 mins,180 ml,1,2025-07-12,10:14:47
60,hershey's Chocolate Instant Powder Mix,https://www.zeptonow.com/pn/hersheys-chocolate-instant-powder-mix/pvid/9e382434-e4ab-4571-8a8f-30f95b9ac3ee,"https://cdn.zeptonow.com/production/tr:w-1280,ar-1000-1000,pr-true,f-auto,q-80/cms/product_variant/e417368d-3f2a-430f-8654-fcc341687653.jpg",₹135,,,4.7,(266),9 mins,110 g,2,2025-07-12,10:14:47
61,Fast&Up Reload Energy Drink Low Sugar Electrolyte - Berry Flavour,https://www.zeptonow.com/pn/fastup-reload-energy-drink-low-sugar-electrolyte-berry-flavour/pvid/4b659ece-3219-4eb8-9bf9-917c73c64361,"https://cdn.zeptonow.com/production/tr:w-1280,ar-1000-1000,pr-true,f-auto,q-80/cms/product_variant/a83dcc58-a4b3-44f6-a46e-a7fe8edcb655.jpeg",₹275,₹295,₹20 Off,5.0,(65),9 mins,1 pack (20 pcs),2,2025-07-12,10:14:47
62,Raw Pressery Valencia Orange Fruit Juice,https://www.zeptonow.com/pn/raw-pressery-valencia-orange-fruit-juice/pvid/64b0ed2d-8512-4b39-b2c1-5c6c50849db6,"https://cdn.zeptonow.com/production/tr:w-1280,ar-1200-1200,pr-true,f-auto,q-80/cms/product_variant/79114a23-7aa9-4aed-9773-97e7a0888a10.jpeg",₹376,₹399,₹23 Off,4.6,(176),9 mins,1 L,2,2025-07-12,10:14:47
63,Bombay 99 Club Soda,https://www.zeptonow.com/pn/bombay-99-club-soda/pvid/4ea99e0c-280d-4933-bafb-c7cabbc5df5a,"https://cdn.zeptonow.com/production/tr:w-1280,ar-1000-1000,pr-true,f-auto,q-80/cms/product_variant/f0ee5016-5e94-4eab-9585-4695b32d6925.jpeg",₹45,,,3.9,(88),9 mins,250 ml,1,2025-07-12,10:14:47
64,Appy Fizz Apple Soft Drink | Pet,https://www.zeptonow.com/pn/appy-fizz-apple-soft-drink-pet/pvid/6a99c24e-d8f2-4f51-8aef-8282ffc69dca,"https://cdn.zeptonow.com/production/tr:w-1280,ar-1200-1200,pr-true,f-auto,q-80/cms/product_variant/49a72bf7-4ba1-46fc-9d87-a9a894da71af.jpeg",₹40,,,4.7,(4.1k),9 mins,600 ml,5,2025-07-12,10:14:47
