timestamp,objectId,storeId,discountedSellingPrice,discountPercent,discountAmount,availableQuantity,primaryCategoryName,primarySubcategoryName,product_name,product_brand,mrp,formattedPacksize
14/07/25 10:57:12,8bc60eae-d9f3-4748-b334-9f62eb47a1a5,0ed3c6ae-9a69-4458-aac5-b6c3342c8954,13500,10,1500,4,Cold Drinks & Juices,Milk Drinks,Epigamia Turbo Coffee Protein Milkshake,Epigamia,15000,
14/07/25 10:57:12,6963cc27-1734-4a3f-a3e0-bab59474ed14,0ed3c6ae-9a69-4458-aac5-b6c3342c8954,27000,9,2900,2,Cold Drinks & Juices,Vegan Drinks,Alt Co. Almond Milk,Alt Co.,29900,1 L
14/07/25 10:57:12,5abd874d-8749-533b-befb-c545833fcdb4,0ed3c6ae-9a69-4458-aac5-b6c3342c8954,54200,8,5200,4,Cold Drinks & Juices,Non-Alcoholic & Energy Drink,Coolberg Non Alcoholic Beer | Party Pack,Coolberg,59400,6 x 330 ml
14/07/25 10:57:12,f9aaa092-ead8-5908-a6c7-ba898dbe6bfc,554896ba-1bc3-493a-84c2-8a0ce07c2611,60000,0,0,1,Cold Drinks & Juices,Instant Drink Mixes,Good Monk Orange Instant Drink Mix,Good Monk,60000,396 g
14/07/25 10:57:12,9fece867-af1c-4068-a4a5-b07785f8d917,0ed3c6ae-9a69-4458-aac5-b6c3342c8954,4000,0,0,1,Cold Drinks & Juices,Soft Drinks,Pepsi Black Cola Diet Soft Drink,Pepsi Black,4000,300 ml
14/07/25 10:57:12,6f8c4ff4-9b9f-5612-8027-2986d564b7fd,0ed3c6ae-9a69-4458-aac5-b6c3342c8954,21700,9,2300,3,Cold Drinks & Juices,Soda & Mixers,Bombay Banta Imli Chaska Soda,Bombay Banta,24000,1 pack (12 pcs)
14/07/25 10:57:12,d72ede7f-fd2b-49da-a6dd-5e3953f9a3b3,0ed3c6ae-9a69-4458-aac5-b6c3342c8954,13500,10,1500,3,Cold Drinks & Juices,Milk Drinks,Epigamia Turbo Cookies and Cream Protein Milkshake,Epigamia,15000,
14/07/25 10:57:12,92b0a880-1836-40a6-833c-737a87c2398c,0ed3c6ae-9a69-4458-aac5-b6c3342c8954,25200,4,1300,2,Cold Drinks & Juices,Instant Drink Mixes,Hershey's Caramel Syrup,Hershey's,26500,623 g
14/07/25 10:57:12,2629e188-2674-5870-bda3-a5b12868e81d,554896ba-1bc3-493a-84c2-8a0ce07c2611,60000,0,0,1,Cold Drinks & Juices,Instant Drink Mixes,Good Monk Mixed Berries Instant Powder Mix,Good Monk,60000,396 g
14/07/25 10:57:12,dbe6aecc-11cf-44e3-932f-ded55311236f,0ed3c6ae-9a69-4458-aac5-b6c3342c8954,14200,4,700,2,Cold Drinks & Juices,Instant Drink Mixes,Fast&Up Nightout Instant Hangover Relief Drink,Fast&up,14900,1 pack (4 pcs)
14/07/25 10:57:12,74418328-1ac2-480e-b9b2-462ac4ca9954,0ed3c6ae-9a69-4458-aac5-b6c3342c8954,13500,10,1500,5,Cold Drinks & Juices,Milk Drinks,Epigamia Turbo Vanilla and Caramel Protein Milkshake,Epigamia,15000,250 ml
14/07/25 10:57:12,9f8c76f8-fa44-51b5-a79e-810b65848128,0ed3c6ae-9a69-4458-aac5-b6c3342c8954,21700,9,2300,2,Cold Drinks & Juices,Soda & Mixers,Bombay Banta Kala Khatta Black Currant Soda,Bombay Banta,24000,1 pack (12 pcs)
14/07/25 10:57:12,d3a60768-84d6-4bff-8855-19171c4a4645,0ed3c6ae-9a69-4458-aac5-b6c3342c8954,37600,5,2300,1,Cold Drinks & Juices,Fruit Juices & Drinks,Raw Pressery Valencia Orange Fruit Juice,Raw Pressery,39900,1 L
14/07/25 10:57:12,912d3118-54e0-4fa1-aca8-773503c953bd,0ed3c6ae-9a69-4458-aac5-b6c3342c8954,28300,12,4200,2,Cold Drinks & Juices,Vegan Drinks,Raw Pressery Almond Milk,Raw Pressery,32500,1 L
14/07/25 10:57:12,4b668e76-6797-5321-8a14-2a129750e84c,554896ba-1bc3-493a-84c2-8a0ce07c2611,60000,0,0,2,Cold Drinks & Juices,Instant Drink Mixes,Good Monk Pineapple Instant Drink Mix,Good Monk,60000,396 g
14/07/25 10:57:12,00c220fd-4adb-527f-bb91-4f9327ca5df1,0ed3c6ae-9a69-4458-aac5-b6c3342c8954,10000,0,0,6,Cold Drinks & Juices,Fruit Juices & Drinks,Frooti Mango Drink,Frooti,10000,10 x 125 ml
14/07/25 10:57:12,c6a712c0-7384-4fc1-a46b-3c1a8ca4cca6,0ed3c6ae-9a69-4458-aac5-b6c3342c8954,16200,10,1800,2,Cold Drinks & Juices,Soft Drinks,Bombay Banta Assorted Flavoured Soft Drink,Bombay Banta,18000,8 x 250 ml
14/07/25 10:57:12,82ef7e7f-101e-4072-8fd8-24bc51fd6012,0ed3c6ae-9a69-4458-aac5-b6c3342c8954,11000,4,500,1,Cold Drinks & Juices,Instant Drink Mixes,Hershey's Strawberry Syrup,Hershey's,11500,200 g
14/07/25 10:57:12,0b5b2d13-f411-452c-8df2-2a9adf7a8cbb,0ed3c6ae-9a69-4458-aac5-b6c3342c8954,27500,6,2000,2,Cold Drinks & Juices,Non-Alcoholic & Energy Drink,Fast&Up Reload Energy Drink Low Sugar Electrolyte - Berry Flavour,Fast&up,29500,1 pack (20 pcs)
14/07/25 10:57:12,da9c30f1-40ba-4101-a995-311507f1ebcf,0ed3c6ae-9a69-4458-aac5-b6c3342c8954,60000,0,0,1,Cold Drinks & Juices,Water,Aava Sparkling Water,AAVA,60000,6 x 500 ml
14/07/25 10:57:12,776c0eb1-d8bc-4e31-9458-fe55da297135,0ed3c6ae-9a69-4458-aac5-b6c3342c8954,1900,5,100,6,Cold Drinks & Juices,Soft Drinks,Bombay Banta Imli Jeera Soft Drink,Bombay Banta,2000,
14/07/25 10:57:12,b382babb-cac1-468b-8233-dd3e9c6686fc,0ed3c6ae-9a69-4458-aac5-b6c3342c8954,8000,0,0,1,Cold Drinks & Juices,Milk Drinks,Epigamia Greek Yogurt Blueberry Smoothie,Epigamia,8000,180 ml
14/07/25 10:57:12,67d71fc1-de0e-4986-b477-d47a7bffed7f,0ed3c6ae-9a69-4458-aac5-b6c3342c8954,27900,5,1600,3,Cold Drinks & Juices,Vegan Drinks,Only Earth Organic Coconut Drink,Only Earth,29500,1 L
14/07/25 10:57:12,31db9e03-a710-4fe7-a5c6-1a2df0714a24,0ed3c6ae-9a69-4458-aac5-b6c3342c8954,28300,8,2700,2,Cold Drinks & Juices,Non-Alcoholic & Energy Drink,Fast&Up Reload Zero Sugar Energy Drink for Hydration - Ice Current Flavour,Fast&up,31000,1 pack (22 pcs)
14/07/25 10:57:12,8126b483-30e5-5e25-91d6-48f86c9a692a,0ed3c6ae-9a69-4458-aac5-b6c3342c8954,60000,0,0,1,Cold Drinks & Juices,Water,Evocus Natural Black Alkaline Water,Evocus,60000,1 pack (6 pcs)
14/07/25 10:57:12,9f018423-4088-466b-ab3d-b7a1d6f1f342,0ed3c6ae-9a69-4458-aac5-b6c3342c8954,13500,0,0,2,Cold Drinks & Juices,Instant Drink Mixes,hershey's Chocolate Instant Powder Mix,hershey's,13500,
14/07/25 10:57:12,eb7cd8e8-4983-4bda-8708-4912c8606caa,0ed3c6ae-9a69-4458-aac5-b6c3342c8954,27500,6,2000,3,Cold Drinks & Juices,Non-Alcoholic & Energy Drink,Fast&Up Reload Energy Drink Low Sugar Electrolyte - Lime Lemon Flavour,Fast&up,29500,1 pack (20 pcs)
14/07/25 10:57:12,9426d764-f832-4944-9ab8-48f0cd58e538,0ed3c6ae-9a69-4458-aac5-b6c3342c8954,1900,5,100,6,Cold Drinks & Juices,Soft Drinks,Bombay Banta Lemon Soda Soft Drink,Bombay Banta,2000,
14/07/25 10:57:12,84e7d14d-3516-4965-ba43-3bccefb57aea,0ed3c6ae-9a69-4458-aac5-b6c3342c8954,7000,12,1000,1,Cold Drinks & Juices,Soda & Mixers,3 Sisters Jeera Masala Soda,3 Sisters,8000,
14/07/25 10:57:12,62394c03-65d3-42a6-a565-f071079f120c,0ed3c6ae-9a69-4458-aac5-b6c3342c8954,27600,8,2400,2,Cold Drinks & Juices,Vegan Drinks,So Good Plant Based Almond Milk,So Good,30000,1 L
14/07/25 10:57:12,97009cfc-d553-5fd7-acad-7cd478aad164,0ed3c6ae-9a69-4458-aac5-b6c3342c8954,1500,0,0,6,Cold Drinks & Juices,Milk Drinks,Smoodh Chaas Masala Flavoured Buttermilk Pet,Smoodh,1500,
14/07/25 10:57:12,c6ea23f2-d175-4f33-9ecf-9c7e163981b5,0ed3c6ae-9a69-4458-aac5-b6c3342c8954,1900,5,100,6,Cold Drinks & Juices,Soft Drinks,Bombay Banta Kala Khatta Soft Drink,Bombay Banta,2000,
timestamp,objectId,storeId,discountedSellingPrice,discountPercent,discountAmount,availableQuantity,primaryCategoryName,primarySubcategoryName,product_name,product_brand,mrp,formattedPacksize
14/07/25 10:58:22,8bc60eae-d9f3-4748-b334-9f62eb47a1a5,0ed3c6ae-9a69-4458-aac5-b6c3342c8954,13500,10,1500,4,Cold Drinks & Juices,Milk Drinks,Epigamia Turbo Coffee Protein Milkshake,Epigamia,15000,
14/07/25 10:58:22,6963cc27-1734-4a3f-a3e0-bab59474ed14,0ed3c6ae-9a69-4458-aac5-b6c3342c8954,27000,9,2900,2,Cold Drinks & Juices,Vegan Drinks,Alt Co. Almond Milk,Alt Co.,29900,1 L
14/07/25 10:58:22,5abd874d-8749-533b-befb-c545833fcdb4,0ed3c6ae-9a69-4458-aac5-b6c3342c8954,54200,8,5200,4,Cold Drinks & Juices,Non-Alcoholic & Energy Drink,Coolberg Non Alcoholic Beer | Party Pack,Coolberg,59400,6 x 330 ml
14/07/25 10:58:22,f9aaa092-ead8-5908-a6c7-ba898dbe6bfc,554896ba-1bc3-493a-84c2-8a0ce07c2611,60000,0,0,1,Cold Drinks & Juices,Instant Drink Mixes,Good Monk Orange Instant Drink Mix,Good Monk,60000,396 g
14/07/25 10:58:22,9fece867-af1c-4068-a4a5-b07785f8d917,0ed3c6ae-9a69-4458-aac5-b6c3342c8954,4000,0,0,1,Cold Drinks & Juices,Soft Drinks,Pepsi Black Cola Diet Soft Drink,Pepsi Black,4000,300 ml
14/07/25 10:58:22,6f8c4ff4-9b9f-5612-8027-2986d564b7fd,0ed3c6ae-9a69-4458-aac5-b6c3342c8954,21700,9,2300,3,Cold Drinks & Juices,Soda & Mixers,Bombay Banta Imli Chaska Soda,Bombay Banta,24000,1 pack (12 pcs)
14/07/25 10:58:22,d72ede7f-fd2b-49da-a6dd-5e3953f9a3b3,0ed3c6ae-9a69-4458-aac5-b6c3342c8954,13500,10,1500,3,Cold Drinks & Juices,Milk Drinks,Epigamia Turbo Cookies and Cream Protein Milkshake,Epigamia,15000,
14/07/25 10:58:22,92b0a880-1836-40a6-833c-737a87c2398c,0ed3c6ae-9a69-4458-aac5-b6c3342c8954,25200,4,1300,2,Cold Drinks & Juices,Instant Drink Mixes,Hershey's Caramel Syrup,Hershey's,26500,623 g
14/07/25 10:58:22,2629e188-2674-5870-bda3-a5b12868e81d,554896ba-1bc3-493a-84c2-8a0ce07c2611,60000,0,0,1,Cold Drinks & Juices,Instant Drink Mixes,Good Monk Mixed Berries Instant Powder Mix,Good Monk,60000,396 g
14/07/25 10:58:22,dbe6aecc-11cf-44e3-932f-ded55311236f,0ed3c6ae-9a69-4458-aac5-b6c3342c8954,14200,4,700,2,Cold Drinks & Juices,Instant Drink Mixes,Fast&Up Nightout Instant Hangover Relief Drink,Fast&up,14900,1 pack (4 pcs)
14/07/25 10:58:22,74418328-1ac2-480e-b9b2-462ac4ca9954,0ed3c6ae-9a69-4458-aac5-b6c3342c8954,13500,10,1500,5,Cold Drinks & Juices,Milk Drinks,Epigamia Turbo Vanilla and Caramel Protein Milkshake,Epigamia,15000,250 ml
14/07/25 10:58:22,9f8c76f8-fa44-51b5-a79e-810b65848128,0ed3c6ae-9a69-4458-aac5-b6c3342c8954,21700,9,2300,2,Cold Drinks & Juices,Soda & Mixers,Bombay Banta Kala Khatta Black Currant Soda,Bombay Banta,24000,1 pack (12 pcs)
14/07/25 10:58:22,d3a60768-84d6-4bff-8855-19171c4a4645,0ed3c6ae-9a69-4458-aac5-b6c3342c8954,37600,5,2300,1,Cold Drinks & Juices,Fruit Juices & Drinks,Raw Pressery Valencia Orange Fruit Juice,Raw Pressery,39900,1 L
14/07/25 10:58:22,912d3118-54e0-4fa1-aca8-773503c953bd,0ed3c6ae-9a69-4458-aac5-b6c3342c8954,28300,12,4200,2,Cold Drinks & Juices,Vegan Drinks,Raw Pressery Almond Milk,Raw Pressery,32500,1 L
14/07/25 10:58:22,4b668e76-6797-5321-8a14-2a129750e84c,554896ba-1bc3-493a-84c2-8a0ce07c2611,60000,0,0,2,Cold Drinks & Juices,Instant Drink Mixes,Good Monk Pineapple Instant Drink Mix,Good Monk,60000,396 g
14/07/25 10:58:22,00c220fd-4adb-527f-bb91-4f9327ca5df1,0ed3c6ae-9a69-4458-aac5-b6c3342c8954,10000,0,0,6,Cold Drinks & Juices,Fruit Juices & Drinks,Frooti Mango Drink,Frooti,10000,10 x 125 ml
14/07/25 10:58:22,c6a712c0-7384-4fc1-a46b-3c1a8ca4cca6,0ed3c6ae-9a69-4458-aac5-b6c3342c8954,16200,10,1800,2,Cold Drinks & Juices,Soft Drinks,Bombay Banta Assorted Flavoured Soft Drink,Bombay Banta,18000,8 x 250 ml
14/07/25 10:58:22,82ef7e7f-101e-4072-8fd8-24bc51fd6012,0ed3c6ae-9a69-4458-aac5-b6c3342c8954,11000,4,500,1,Cold Drinks & Juices,Instant Drink Mixes,Hershey's Strawberry Syrup,Hershey's,11500,200 g
14/07/25 10:58:22,0b5b2d13-f411-452c-8df2-2a9adf7a8cbb,0ed3c6ae-9a69-4458-aac5-b6c3342c8954,27500,6,2000,2,Cold Drinks & Juices,Non-Alcoholic & Energy Drink,Fast&Up Reload Energy Drink Low Sugar Electrolyte - Berry Flavour,Fast&up,29500,1 pack (20 pcs)
14/07/25 10:58:22,da9c30f1-40ba-4101-a995-311507f1ebcf,0ed3c6ae-9a69-4458-aac5-b6c3342c8954,60000,0,0,1,Cold Drinks & Juices,Water,Aava Sparkling Water,AAVA,60000,6 x 500 ml
14/07/25 10:58:22,776c0eb1-d8bc-4e31-9458-fe55da297135,0ed3c6ae-9a69-4458-aac5-b6c3342c8954,1900,5,100,6,Cold Drinks & Juices,Soft Drinks,Bombay Banta Imli Jeera Soft Drink,Bombay Banta,2000,
14/07/25 10:58:22,b382babb-cac1-468b-8233-dd3e9c6686fc,0ed3c6ae-9a69-4458-aac5-b6c3342c8954,8000,0,0,1,Cold Drinks & Juices,Milk Drinks,Epigamia Greek Yogurt Blueberry Smoothie,Epigamia,8000,180 ml
14/07/25 10:58:22,67d71fc1-de0e-4986-b477-d47a7bffed7f,0ed3c6ae-9a69-4458-aac5-b6c3342c8954,27900,5,1600,3,Cold Drinks & Juices,Vegan Drinks,Only Earth Organic Coconut Drink,Only Earth,29500,1 L
14/07/25 10:58:22,31db9e03-a710-4fe7-a5c6-1a2df0714a24,0ed3c6ae-9a69-4458-aac5-b6c3342c8954,28300,8,2700,2,Cold Drinks & Juices,Non-Alcoholic & Energy Drink,Fast&Up Reload Zero Sugar Energy Drink for Hydration - Ice Current Flavour,Fast&up,31000,1 pack (22 pcs)
14/07/25 10:58:22,8126b483-30e5-5e25-91d6-48f86c9a692a,0ed3c6ae-9a69-4458-aac5-b6c3342c8954,60000,0,0,1,Cold Drinks & Juices,Water,Evocus Natural Black Alkaline Water,Evocus,60000,1 pack (6 pcs)
14/07/25 10:58:22,9f018423-4088-466b-ab3d-b7a1d6f1f342,0ed3c6ae-9a69-4458-aac5-b6c3342c8954,13500,0,0,2,Cold Drinks & Juices,Instant Drink Mixes,hershey's Chocolate Instant Powder Mix,hershey's,13500,
14/07/25 10:58:22,eb7cd8e8-4983-4bda-8708-4912c8606caa,0ed3c6ae-9a69-4458-aac5-b6c3342c8954,27500,6,2000,3,Cold Drinks & Juices,Non-Alcoholic & Energy Drink,Fast&Up Reload Energy Drink Low Sugar Electrolyte - Lime Lemon Flavour,Fast&up,29500,1 pack (20 pcs)
14/07/25 10:58:22,9426d764-f832-4944-9ab8-48f0cd58e538,0ed3c6ae-9a69-4458-aac5-b6c3342c8954,1900,5,100,6,Cold Drinks & Juices,Soft Drinks,Bombay Banta Lemon Soda Soft Drink,Bombay Banta,2000,
14/07/25 10:58:22,84e7d14d-3516-4965-ba43-3bccefb57aea,0ed3c6ae-9a69-4458-aac5-b6c3342c8954,7000,12,1000,1,Cold Drinks & Juices,Soda & Mixers,3 Sisters Jeera Masala Soda,3 Sisters,8000,
14/07/25 10:58:22,62394c03-65d3-42a6-a565-f071079f120c,0ed3c6ae-9a69-4458-aac5-b6c3342c8954,27600,8,2400,2,Cold Drinks & Juices,Vegan Drinks,So Good Plant Based Almond Milk,So Good,30000,1 L
14/07/25 10:58:22,97009cfc-d553-5fd7-acad-7cd478aad164,0ed3c6ae-9a69-4458-aac5-b6c3342c8954,1500,0,0,6,Cold Drinks & Juices,Milk Drinks,Smoodh Chaas Masala Flavoured Buttermilk Pet,Smoodh,1500,
14/07/25 10:58:22,c6ea23f2-d175-4f33-9ecf-9c7e163981b5,0ed3c6ae-9a69-4458-aac5-b6c3342c8954,1900,5,100,6,Cold Drinks & Juices,Soft Drinks,Bombay Banta Kala Khatta Soft Drink,Bombay Banta,2000,
timestamp,objectId,storeId,discountedSellingPrice,discountPercent,discountAmount,availableQuantity,primaryCategoryName,primarySubcategoryName,product_name,product_brand,mrp,formattedPacksize
14/07/25 10:58:23,8bc60eae-d9f3-4748-b334-9f62eb47a1a5,0ed3c6ae-9a69-4458-aac5-b6c3342c8954,13500,10,1500,4,Cold Drinks & Juices,Milk Drinks,Epigamia Turbo Coffee Protein Milkshake,Epigamia,15000,
14/07/25 10:58:23,6963cc27-1734-4a3f-a3e0-bab59474ed14,0ed3c6ae-9a69-4458-aac5-b6c3342c8954,27000,9,2900,2,Cold Drinks & Juices,Vegan Drinks,Alt Co. Almond Milk,Alt Co.,29900,1 L
14/07/25 10:58:23,5abd874d-8749-533b-befb-c545833fcdb4,0ed3c6ae-9a69-4458-aac5-b6c3342c8954,54200,8,5200,4,Cold Drinks & Juices,Non-Alcoholic & Energy Drink,Coolberg Non Alcoholic Beer | Party Pack,Coolberg,59400,6 x 330 ml
14/07/25 10:58:23,f9aaa092-ead8-5908-a6c7-ba898dbe6bfc,554896ba-1bc3-493a-84c2-8a0ce07c2611,60000,0,0,1,Cold Drinks & Juices,Instant Drink Mixes,Good Monk Orange Instant Drink Mix,Good Monk,60000,396 g
14/07/25 10:58:23,9fece867-af1c-4068-a4a5-b07785f8d917,0ed3c6ae-9a69-4458-aac5-b6c3342c8954,4000,0,0,1,Cold Drinks & Juices,Soft Drinks,Pepsi Black Cola Diet Soft Drink,Pepsi Black,4000,300 ml
14/07/25 10:58:23,6f8c4ff4-9b9f-5612-8027-2986d564b7fd,0ed3c6ae-9a69-4458-aac5-b6c3342c8954,21700,9,2300,3,Cold Drinks & Juices,Soda & Mixers,Bombay Banta Imli Chaska Soda,Bombay Banta,24000,1 pack (12 pcs)
14/07/25 10:58:23,d72ede7f-fd2b-49da-a6dd-5e3953f9a3b3,0ed3c6ae-9a69-4458-aac5-b6c3342c8954,13500,10,1500,3,Cold Drinks & Juices,Milk Drinks,Epigamia Turbo Cookies and Cream Protein Milkshake,Epigamia,15000,
14/07/25 10:58:23,92b0a880-1836-40a6-833c-737a87c2398c,0ed3c6ae-9a69-4458-aac5-b6c3342c8954,25200,4,1300,2,Cold Drinks & Juices,Instant Drink Mixes,Hershey's Caramel Syrup,Hershey's,26500,623 g
14/07/25 10:58:23,2629e188-2674-5870-bda3-a5b12868e81d,554896ba-1bc3-493a-84c2-8a0ce07c2611,60000,0,0,1,Cold Drinks & Juices,Instant Drink Mixes,Good Monk Mixed Berries Instant Powder Mix,Good Monk,60000,396 g
14/07/25 10:58:23,dbe6aecc-11cf-44e3-932f-ded55311236f,0ed3c6ae-9a69-4458-aac5-b6c3342c8954,14200,4,700,2,Cold Drinks & Juices,Instant Drink Mixes,Fast&Up Nightout Instant Hangover Relief Drink,Fast&up,14900,1 pack (4 pcs)
14/07/25 10:58:23,74418328-1ac2-480e-b9b2-462ac4ca9954,0ed3c6ae-9a69-4458-aac5-b6c3342c8954,13500,10,1500,5,Cold Drinks & Juices,Milk Drinks,Epigamia Turbo Vanilla and Caramel Protein Milkshake,Epigamia,15000,250 ml
14/07/25 10:58:23,9f8c76f8-fa44-51b5-a79e-810b65848128,0ed3c6ae-9a69-4458-aac5-b6c3342c8954,21700,9,2300,2,Cold Drinks & Juices,Soda & Mixers,Bombay Banta Kala Khatta Black Currant Soda,Bombay Banta,24000,1 pack (12 pcs)
14/07/25 10:58:23,d3a60768-84d6-4bff-8855-19171c4a4645,0ed3c6ae-9a69-4458-aac5-b6c3342c8954,37600,5,2300,1,Cold Drinks & Juices,Fruit Juices & Drinks,Raw Pressery Valencia Orange Fruit Juice,Raw Pressery,39900,1 L
14/07/25 10:58:23,912d3118-54e0-4fa1-aca8-773503c953bd,0ed3c6ae-9a69-4458-aac5-b6c3342c8954,28300,12,4200,2,Cold Drinks & Juices,Vegan Drinks,Raw Pressery Almond Milk,Raw Pressery,32500,1 L
14/07/25 10:58:23,4b668e76-6797-5321-8a14-2a129750e84c,554896ba-1bc3-493a-84c2-8a0ce07c2611,60000,0,0,2,Cold Drinks & Juices,Instant Drink Mixes,Good Monk Pineapple Instant Drink Mix,Good Monk,60000,396 g
14/07/25 10:58:23,00c220fd-4adb-527f-bb91-4f9327ca5df1,0ed3c6ae-9a69-4458-aac5-b6c3342c8954,10000,0,0,6,Cold Drinks & Juices,Fruit Juices & Drinks,Frooti Mango Drink,Frooti,10000,10 x 125 ml
14/07/25 10:58:23,c6a712c0-7384-4fc1-a46b-3c1a8ca4cca6,0ed3c6ae-9a69-4458-aac5-b6c3342c8954,16200,10,1800,2,Cold Drinks & Juices,Soft Drinks,Bombay Banta Assorted Flavoured Soft Drink,Bombay Banta,18000,8 x 250 ml
14/07/25 10:58:23,82ef7e7f-101e-4072-8fd8-24bc51fd6012,0ed3c6ae-9a69-4458-aac5-b6c3342c8954,11000,4,500,1,Cold Drinks & Juices,Instant Drink Mixes,Hershey's Strawberry Syrup,Hershey's,11500,200 g
14/07/25 10:58:23,0b5b2d13-f411-452c-8df2-2a9adf7a8cbb,0ed3c6ae-9a69-4458-aac5-b6c3342c8954,27500,6,2000,2,Cold Drinks & Juices,Non-Alcoholic & Energy Drink,Fast&Up Reload Energy Drink Low Sugar Electrolyte - Berry Flavour,Fast&up,29500,1 pack (20 pcs)
14/07/25 10:58:23,da9c30f1-40ba-4101-a995-311507f1ebcf,0ed3c6ae-9a69-4458-aac5-b6c3342c8954,60000,0,0,1,Cold Drinks & Juices,Water,Aava Sparkling Water,AAVA,60000,6 x 500 ml
14/07/25 10:58:23,776c0eb1-d8bc-4e31-9458-fe55da297135,0ed3c6ae-9a69-4458-aac5-b6c3342c8954,1900,5,100,6,Cold Drinks & Juices,Soft Drinks,Bombay Banta Imli Jeera Soft Drink,Bombay Banta,2000,
14/07/25 10:58:23,b382babb-cac1-468b-8233-dd3e9c6686fc,0ed3c6ae-9a69-4458-aac5-b6c3342c8954,8000,0,0,1,Cold Drinks & Juices,Milk Drinks,Epigamia Greek Yogurt Blueberry Smoothie,Epigamia,8000,180 ml
14/07/25 10:58:23,67d71fc1-de0e-4986-b477-d47a7bffed7f,0ed3c6ae-9a69-4458-aac5-b6c3342c8954,27900,5,1600,3,Cold Drinks & Juices,Vegan Drinks,Only Earth Organic Coconut Drink,Only Earth,29500,1 L
14/07/25 10:58:23,31db9e03-a710-4fe7-a5c6-1a2df0714a24,0ed3c6ae-9a69-4458-aac5-b6c3342c8954,28300,8,2700,2,Cold Drinks & Juices,Non-Alcoholic & Energy Drink,Fast&Up Reload Zero Sugar Energy Drink for Hydration - Ice Current Flavour,Fast&up,31000,1 pack (22 pcs)
14/07/25 10:58:23,8126b483-30e5-5e25-91d6-48f86c9a692a,0ed3c6ae-9a69-4458-aac5-b6c3342c8954,60000,0,0,1,Cold Drinks & Juices,Water,Evocus Natural Black Alkaline Water,Evocus,60000,1 pack (6 pcs)
14/07/25 10:58:23,9f018423-4088-466b-ab3d-b7a1d6f1f342,0ed3c6ae-9a69-4458-aac5-b6c3342c8954,13500,0,0,2,Cold Drinks & Juices,Instant Drink Mixes,hershey's Chocolate Instant Powder Mix,hershey's,13500,
14/07/25 10:58:23,eb7cd8e8-4983-4bda-8708-4912c8606caa,0ed3c6ae-9a69-4458-aac5-b6c3342c8954,27500,6,2000,3,Cold Drinks & Juices,Non-Alcoholic & Energy Drink,Fast&Up Reload Energy Drink Low Sugar Electrolyte - Lime Lemon Flavour,Fast&up,29500,1 pack (20 pcs)
14/07/25 10:58:23,9426d764-f832-4944-9ab8-48f0cd58e538,0ed3c6ae-9a69-4458-aac5-b6c3342c8954,1900,5,100,6,Cold Drinks & Juices,Soft Drinks,Bombay Banta Lemon Soda Soft Drink,Bombay Banta,2000,
14/07/25 10:58:23,84e7d14d-3516-4965-ba43-3bccefb57aea,0ed3c6ae-9a69-4458-aac5-b6c3342c8954,7000,12,1000,1,Cold Drinks & Juices,Soda & Mixers,3 Sisters Jeera Masala Soda,3 Sisters,8000,
14/07/25 10:58:23,62394c03-65d3-42a6-a565-f071079f120c,0ed3c6ae-9a69-4458-aac5-b6c3342c8954,27600,8,2400,2,Cold Drinks & Juices,Vegan Drinks,So Good Plant Based Almond Milk,So Good,30000,1 L
14/07/25 10:58:23,97009cfc-d553-5fd7-acad-7cd478aad164,0ed3c6ae-9a69-4458-aac5-b6c3342c8954,1500,0,0,6,Cold Drinks & Juices,Milk Drinks,Smoodh Chaas Masala Flavoured Buttermilk Pet,Smoodh,1500,
14/07/25 10:58:23,c6ea23f2-d175-4f33-9ecf-9c7e163981b5,0ed3c6ae-9a69-4458-aac5-b6c3342c8954,1900,5,100,6,Cold Drinks & Juices,Soft Drinks,Bombay Banta Kala Khatta Soft Drink,Bombay Banta,2000,
timestamp,objectId,storeId,discountedSellingPrice,discountPercent,discountAmount,availableQuantity,primaryCategoryName,primarySubcategoryName,product_name,product_brand,mrp,formattedPacksize
14/07/25 11:21:11,72364048-e997-41e5-8ee0-d282c1ccc80d,0ed3c6ae-9a69-4458-aac5-b6c3342c8954,7000,12,1000,2,Cold Drinks & Juices,Soda & Mixers,3 Sisters Imli Chaska Soda,3 Sisters,8000,
14/07/25 11:21:11,93bfa381-8f8e-55a7-8972-1c88e262ec68,0ed3c6ae-9a69-4458-aac5-b6c3342c8954,24500,23,7500,2,Cold Drinks & Juices,Instant Drink Mixes,Rasna Mango Instant Powder Mix,Rasna,32000,750 g
14/07/25 11:21:11,ae379082-53cd-4e6c-88bd-022a45c8f930,0ed3c6ae-9a69-4458-aac5-b6c3342c8954,27400,7,2100,2,Cold Drinks & Juices,Non-Alcoholic & Energy Drink,Fast&Up Reload Energy Drink Low Sugar Electrolyte - Mojito Flavour,Fast&up,29500,1 pack (20 pcs)
14/07/25 11:21:11,c77ad7bf-a35e-401c-932f-a1e445dd1650,0ed3c6ae-9a69-4458-aac5-b6c3342c8954,7500,0,0,5,Cold Drinks & Juices,Fruit Juices & Drinks,Frooti Mango Fruit Juice,Frooti,7500,1.2 L
14/07/25 11:21:11,9fda4159-34dc-5a98-bb7f-47181baeae55,0ed3c6ae-9a69-4458-aac5-b6c3342c8954,4500,0,0,1,Cold Drinks & Juices,Soda & Mixers,Bombay 99 Club Soda,Bombay 99,4500,250 ml
14/07/25 11:21:11,6b037605-e246-4cb2-b996-1a421527a542,0ed3c6ae-9a69-4458-aac5-b6c3342c8954,9200,7,700,4,Cold Drinks & Juices,Non-Alcoholic & Energy Drink,Coolberg Strawberry Non Alcoholic Beer,Coolberg,9900,330 ml
14/07/25 11:21:11,295027cd-d4ed-57e7-987a-0c662831fb7b,0ed3c6ae-9a69-4458-aac5-b6c3342c8954,24500,23,7500,2,Cold Drinks & Juices,Instant Drink Mixes,Rasna Lemon Instant Powder Mix,Rasna,32000,
14/07/25 11:21:11,23246ad6-cb0a-4278-9518-abd9c4d066bd,0ed3c6ae-9a69-4458-aac5-b6c3342c8954,3400,15,600,4,Cold Drinks & Juices,Milk Drinks,Hershey's Chocolate Milkshake,Hershey's,4000,180 ml
14/07/25 11:21:11,ebe2d7ce-7c66-4307-8974-e5d16c915787,0ed3c6ae-9a69-4458-aac5-b6c3342c8954,2500,0,0,8,Cold Drinks & Juices,Soft Drinks,7UP Nimbooz Soft Drink,7UP Nimbooz,2500,350 ml
14/07/25 11:21:11,c93d8c2c-2036-4756-85c2-7a22e6ac1527,0ed3c6ae-9a69-4458-aac5-b6c3342c8954,27600,8,2400,2,Cold Drinks & Juices,Vegan Drinks,So Good Regular Oat Milk,So Good,30000,1 L
14/07/25 11:21:11,a670315b-39d8-409b-b0ef-5fc3a5adfda1,0ed3c6ae-9a69-4458-aac5-b6c3342c8954,9200,7,700,3,Cold Drinks & Juices,Non-Alcoholic & Energy Drink,Coolberg Peach Non Alcoholic Beer,Coolberg,9900,330 ml
14/07/25 11:21:11,21383217-2c62-4d32-9ddf-9b78f7e7714b,0ed3c6ae-9a69-4458-aac5-b6c3342c8954,4000,0,0,24,Cold Drinks & Juices,Fruit Juices & Drinks,Frooti Mango Fruit Juice,Frooti,4000,600 ml
14/07/25 11:21:11,acdf8b5b-4762-5b0b-aa16-011660778134,0ed3c6ae-9a69-4458-aac5-b6c3342c8954,8500,14,1400,3,Cold Drinks & Juices,Non-Alcoholic & Energy Drink,Coolberg Mint Non Alcoholic Beer,Coolberg,9900,330 ml
14/07/25 11:21:11,53ea2bdb-37b7-446c-a6d0-807cd0513751,0ed3c6ae-9a69-4458-aac5-b6c3342c8954,7500,0,0,12,Cold Drinks & Juices,Water,Bisleri Packaged Drinking Water,Bisleri,7500,5 L
14/07/25 11:21:11,8c027ead-426f-479e-88b5-00adc84c6899,0ed3c6ae-9a69-4458-aac5-b6c3342c8954,9300,6,600,2,Cold Drinks & Juices,Non-Alcoholic & Energy Drink,3 Sisters Cranberry Non Alcoholic Beer,3 Sisters,9900,
14/07/25 11:21:11,759842ab-2e5e-4eaf-9cd0-414cf5b2f80c,0ed3c6ae-9a69-4458-aac5-b6c3342c8954,27700,14,4800,1,Cold Drinks & Juices,Vegan Drinks,So Good Barista Oat Beverage,So Good,32500,1 L
14/07/25 11:21:11,8395089d-9fb6-4444-bd51-216346d42120,0ed3c6ae-9a69-4458-aac5-b6c3342c8954,66000,0,0,3,Cold Drinks & Juices,Soda & Mixers,Perrier Natural Sparkling Water,Perrier,66000,4 x 330 ml
14/07/25 11:21:11,faf2809d-f71b-5254-8437-d820de96ba40,0ed3c6ae-9a69-4458-aac5-b6c3342c8954,9900,0,0,2,Cold Drinks & Juices,Instant Drink Mixes,Mapro Strawberry Fruit Crush,Mapro,9900,330 ml
14/07/25 11:21:11,5d32eaf6-64e6-4fa8-8c86-c0a394b574c5,0ed3c6ae-9a69-4458-aac5-b6c3342c8954,3500,12,500,6,Cold Drinks & Juices,Milk Drinks,Hershey's Cookies and Cream Milkshake,Hershey's,4000,180 ml
14/07/25 11:21:11,057d52e4-a0a5-48a3-90f4-a8336576a697,0ed3c6ae-9a69-4458-aac5-b6c3342c8954,3000,0,0,12,Cold Drinks & Juices,Water,Bisleri Packaged Drinking Water,Bisleri,3000,2 l
14/07/25 11:21:11,03a0dbcf-2ab6-4305-84a8-e576c37b8728,0ed3c6ae-9a69-4458-aac5-b6c3342c8954,27700,14,4800,4,Cold Drinks & Juices,Vegan Drinks,Epigamia Almond Milk,Epigamia,32500,1 L
14/07/25 11:21:11,bf0ab63a-09ae-511f-8747-3eb22a3730fa,0ed3c6ae-9a69-4458-aac5-b6c3342c8954,19800,0,0,2,Cold Drinks & Juices,Instant Drink Mixes,Mapro Strawberry Fruit Crush,Mapro,19800,750 ml
14/07/25 11:21:11,e2268e4b-824e-4d9e-bcb7-4e5a59537e70,0ed3c6ae-9a69-4458-aac5-b6c3342c8954,3600,10,400,5,Cold Drinks & Juices,Milk Drinks,Epigamia Chocolate Milkshake,Epigamia,4000,180 ml
14/07/25 11:21:11,10ad5afb-19d5-459a-acac-76d546d95772,0ed3c6ae-9a69-4458-aac5-b6c3342c8954,4000,0,0,2,Cold Drinks & Juices,Soft Drinks,Appy Fizz Apple Soft Drink | Pet,Appy,4000,600 ml
14/07/25 11:21:11,6016911d-1a8d-41c0-8b4f-b900e2302bfb,0ed3c6ae-9a69-4458-aac5-b6c3342c8954,8700,37,5300,1,Cold Drinks & Juices,Fruit Juices & Drinks,B Natural Apple Fruit Juice,B Natural,14000,1 L
14/07/25 11:21:11,1c531bf3-6987-5fee-9e16-626c22280284,0ed3c6ae-9a69-4458-aac5-b6c3342c8954,12000,20,3000,2,Cold Drinks & Juices,Milk Drinks,Maiva Pro Coffee 20g Plant Protein 20 Multivitamin Shake,Maiva Fresh,15000,
14/07/25 11:21:11,02f72153-1ec1-42c5-b1e2-5f7b885190a6,0ed3c6ae-9a69-4458-aac5-b6c3342c8954,3500,12,500,2,Cold Drinks & Juices,Milk Drinks,Hershey's Vanilla Milkshake,Hershey's,4000,180 ml
14/07/25 11:21:11,6ad4732b-003c-4c46-a902-2db5656f21b4,0ed3c6ae-9a69-4458-aac5-b6c3342c8954,9400,5,500,12,Cold Drinks & Juices,Soft Drinks,Pepsi Soft Drink,Pepsi,9900,2.25 L
14/07/25 11:21:11,05cadf20-eeb6-458d-a7e4-ebc7e35bcc88,0ed3c6ae-9a69-4458-aac5-b6c3342c8954,2000,0,0,24,Cold Drinks & Juices,Water,Bisleri Packaged Drinking Water,Bisleri,2000,1 L
14/07/25 11:21:11,7fb0d1cc-4cf5-43cb-92d6-05fbc96d8a6b,0ed3c6ae-9a69-4458-aac5-b6c3342c8954,7700,9,800,12,Cold Drinks & Juices,Vegan Drinks,Dabur Hommade Organic Coconut Milk,Dabur Hommade,8500,200 ml
14/07/25 11:21:11,8f728ced-5283-4d01-a349-663187cfa165,0ed3c6ae-9a69-4458-aac5-b6c3342c8954,3500,12,500,2,Cold Drinks & Juices,Milk Drinks,Hershey's Milkshake Cashew Butterscotch Ice Cream Flavor,Hershey's,4000,180 ml
14/07/25 11:21:11,fa172295-b259-4fdc-9852-0938e7f2008c,0ed3c6ae-9a69-4458-aac5-b6c3342c8954,3600,10,400,2,Cold Drinks & Juices,Milk Drinks,Hershey's Coffee Mocha Flavoured Milkshake,Hershey's,4000,180 ml 
timestamp,objectId,storeId,discountedSellingPrice,discountPercent,discountAmount,availableQuantity,primaryCategoryName,primarySubcategoryName,product_name,product_brand,mrp,formattedPacksize
14/07/25 12:19:31,ec733c65-f56d-4938-8739-ba60e7ef21a6,0ed3c6ae-9a69-4458-aac5-b6c3342c8954,14000,29,5900,2,Cold Drinks & Juices,Fruit Juices & Drinks,Raw Pressery Refreshers Cranberry Fruit Juice,Raw Pressery,19900,750 ml
14/07/25 12:19:31,9f82224f-becf-4474-8f6e-2cf2f61df5b2,0ed3c6ae-9a69-4458-aac5-b6c3342c8954,19800,0,0,1,Cold Drinks & Juices,Instant Drink Mixes,Mapro Lemon Lime Juice Cordial,Mapro,19800,750 ml
14/07/25 12:19:31,efd8867e-22ee-4f40-aa1d-8d64b633f442,0ed3c6ae-9a69-4458-aac5-b6c3342c8954,14600,2,400,3,Cold Drinks & Juices,Fruit Juices & Drinks,Raw Pressery Valencia Orange Fruit Juice,Raw Pressery,15000,250 ml
14/07/25 12:19:31,d9c49c13-b0d4-4ae9-9e2a-63d050f2149c,0ed3c6ae-9a69-4458-aac5-b6c3342c8954,20100,19,4900,1,Cold Drinks & Juices,Soda & Mixers,Estuary Vodka Blending Water,Estuary,25000,
14/07/25 12:19:31,c5c0ed06-f1c9-4ae1-b4ae-330c9c9538a9,0ed3c6ae-9a69-4458-aac5-b6c3342c8954,9000,0,0,2,Cold Drinks & Juices,Vegan Drinks,So Good Coco Mama Organic Coconut Milk,So Good,9000,250 ml
14/07/25 12:19:31,c1838186-0540-503c-91cf-93a4017533b6,0ed3c6ae-9a69-4458-aac5-b6c3342c8954,8500,15,1500,2,Cold Drinks & Juices,Instant Drink Mixes,Rebound Orange Anti Hangover Drink,Rebound,10000,
14/07/25 12:19:31,de66faad-e8b2-5605-8e70-1125b2583799,0ed3c6ae-9a69-4458-aac5-b6c3342c8954,26300,6,1700,2,Cold Drinks & Juices,Instant Drink Mixes,Glucon-D Regular Glucose Powder | Tangy Orange Free Refill | For Tasty Glucose Drink,Glucon D,28000,
14/07/25 12:19:31,afd1245a-58e5-4428-9091-e07b53ea6356,0ed3c6ae-9a69-4458-aac5-b6c3342c8954,14800,12,2200,1,Cold Drinks & Juices,Vegan Drinks,Real Thai Coconut Milk,Real Thai,17000,
14/07/25 12:19:31,bbd654a0-6bce-5725-ba3e-d733c6bfd547,0ed3c6ae-9a69-4458-aac5-b6c3342c8954,8000,0,0,2,Cold Drinks & Juices,Water,Evocus Hydration I.V. Electrolytes Drink - Hydration Drink | Cranberry,Evocus,8000,500 ml
14/07/25 12:19:31,95f0e7e3-ba56-49db-bb89-d4a4bfe4c7b5,0ed3c6ae-9a69-4458-aac5-b6c3342c8954,2000,0,0,19,Cold Drinks & Juices,Water,Aquafina Drinking Water,Aquafina,2000,1 L
14/07/25 12:19:31,4966074c-6bef-480f-b16b-3e0432bcea91,0ed3c6ae-9a69-4458-aac5-b6c3342c8954,13000,0,0,1,Cold Drinks & Juices,Fruit Juices & Drinks,Tropicana Delight Pomegranate Fruit Juice,Tropicana Delight,13000,1 L
14/07/25 12:19:31,b3abdb7f-671a-57db-83dc-848e001046e6,0ed3c6ae-9a69-4458-aac5-b6c3342c8954,19900,11,2600,4,Cold Drinks & Juices,Instant Drink Mixes,Rasna Native Haat Shikanji Instant Drink Mix,Rasna,22500,
14/07/25 12:19:31,7054431f-8600-5301-9d97-6d2463b6fa82,0ed3c6ae-9a69-4458-aac5-b6c3342c8954,8000,0,0,3,Cold Drinks & Juices,Water,Evocus Hydration I.V. Electrolytes Drink - Hydration Drink | Lime & Yuzu,Evocus,8000,500 ml
14/07/25 12:19:31,353f3627-5563-5c96-9ca0-b14ebfd63966,0ed3c6ae-9a69-4458-aac5-b6c3342c8954,8400,15,1500,1,Cold Drinks & Juices,Soda & Mixers,Malaki Tonic Water,Malaki,9900,250 ml
14/07/25 12:19:31,f6dd66e0-721a-4320-886f-0665b9634dbe,0ed3c6ae-9a69-4458-aac5-b6c3342c8954,12900,4,600,2,Cold Drinks & Juices,Milk Drinks,Phab 18g Protein Strawberry and Cream Milkshake,Phab,13500,
14/07/25 12:19:31,cdf682e9-cb65-46f2-9618-be6c6a449e6b,0ed3c6ae-9a69-4458-aac5-b6c3342c8954,9300,6,600,1,Cold Drinks & Juices,Soda & Mixers,Jimmy's Cocktails Mint Mojito,Jimmy's Cocktails,9900,
14/07/25 12:19:31,486e03be-a0b4-4d70-8bc7-612f8411b4ff,0ed3c6ae-9a69-4458-aac5-b6c3342c8954,7500,0,0,4,Cold Drinks & Juices,Vegan Drinks,So Good Vanilla Almond Milk,So Good,7500,200 ml
14/07/25 12:19:31,200f2a57-030e-535b-8c7f-ca1d9a08ac0e,0ed3c6ae-9a69-4458-aac5-b6c3342c8954,23800,15,4200,2,Cold Drinks & Juices,Instant Drink Mixes,Tang Orange Instant Drink Mix,Tang,28000,750 g
14/07/25 12:19:31,8740a8eb-5fb2-529f-8262-204639bc9c68,0ed3c6ae-9a69-4458-aac5-b6c3342c8954,6000,0,0,1,Cold Drinks & Juices,Water,Fast&Up Dryp Vitamin Water | Zero Sugar - Zero Calories - Peach Flavour,Fast&up,6000,500 ml
14/07/25 12:19:31,939b3d04-6055-4a7a-971e-be2342b66e6b,0ed3c6ae-9a69-4458-aac5-b6c3342c8954,11800,1,200,3,Cold Drinks & Juices,Soda & Mixers,"Jimmy's Cocktails Passion Fruit, Lemon and Vanilla Flavoured Cocktail Mixer",Jimmy's Cocktails,12000,250 ml
14/07/25 12:19:31,616f027f-990b-597f-a15a-62be3a201f4a,0ed3c6ae-9a69-4458-aac5-b6c3342c8954,12000,20,3000,1,Cold Drinks & Juices,Milk Drinks,Maiva Pro Strawberry 20g Plant Protein 20 Multivitamin Shake,Maiva Fresh,15000,
14/07/25 12:19:31,139cfd5b-31ec-5b9d-907a-69310d3be360,0ed3c6ae-9a69-4458-aac5-b6c3342c8954,12000,20,3000,2,Cold Drinks & Juices,Milk Drinks,Maiva Pro Chocolate 20g Plant Protein 20 Multivitamin Shake,Maiva Fresh,15000,
14/07/25 12:19:31,bf18f2a2-ec49-5b0c-9654-4da3f8e91b89,0ed3c6ae-9a69-4458-aac5-b6c3342c8954,6000,0,0,1,Cold Drinks & Juices,Water,Fast&Up Dryp Vitamin Water | Zero Sugar - Zero Calories - Apple Flavour,Fast&up,6000,500 ml
14/07/25 12:19:31,b5f73ef2-3261-5012-bdce-623a3f0b09a4,0ed3c6ae-9a69-4458-aac5-b6c3342c8954,9000,10,1000,2,Cold Drinks & Juices,Instant Drink Mixes,Rebound Lemon Anti Hangover Drink,Rebound,10000,
14/07/25 12:19:31,14aca5b8-f6e9-4774-a101-e7d6278cfeb7,0ed3c6ae-9a69-4458-aac5-b6c3342c8954,12900,4,600,1,Cold Drinks & Juices,Milk Drinks,Phab Cold Coffee 18g Protein Milkshake,Phab,13500,
14/07/25 12:19:31,308152d4-aefb-4ae1-bcd5-5116b90e0260,0ed3c6ae-9a69-4458-aac5-b6c3342c8954,37400,9,4100,3,Cold Drinks & Juices,Instant Drink Mixes,Glucon D Nimbu Pani Glucose Powder,Glucon D,41500,1 kg
14/07/25 12:19:31,b9dac2e7-927b-5174-a67e-8c040c468da6,0ed3c6ae-9a69-4458-aac5-b6c3342c8954,37500,0,0,3,Cold Drinks & Juices,Soda & Mixers,Perrier Imported Sparkling Water,Perrier France,37500,750 ml
14/07/25 12:19:31,46abbce4-dd35-45a1-b4c3-f74dd678805c,0ed3c6ae-9a69-4458-aac5-b6c3342c8954,14600,5,900,1,Cold Drinks & Juices,Vegan Drinks,Hershey's Kesar Pista Soy Milk,Hershey's,15500,1 L
14/07/25 12:19:31,522d815e-d0da-4bc6-b9fd-14e530cab564,0ed3c6ae-9a69-4458-aac5-b6c3342c8954,23500,6,1500,2,Cold Drinks & Juices,Fruit Juices & Drinks,Raw Pressery Alphonso Mango Fruit Juice,Raw Pressery,25000,1 L
14/07/25 12:19:31,0e663c71-7413-4844-a36a-535fa95d0c3c,0ed3c6ae-9a69-4458-aac5-b6c3342c8954,6000,0,0,4,Cold Drinks & Juices,Water,Bisleri Vedica Himalayan Spring Water,Bisleri,6000,1 L
14/07/25 12:19:31,1cd25549-013e-5c7a-a633-1a8e32c1db51,0ed3c6ae-9a69-4458-aac5-b6c3342c8954,20800,5,1100,3,Cold Drinks & Juices,Instant Drink Mixes,Glucon D Nimbu Pani Glucose Powder,Glucon D,21900,450 g
14/07/25 12:19:31,d1aec85e-0284-4665-a1a3-0900d71a57b0,0ed3c6ae-9a69-4458-aac5-b6c3342c8954,6000,0,0,2,Cold Drinks & Juices,Soda & Mixers,Cravova Peach Mojito,Cravova,6000,300 ml
14/07/25 12:31:36,0e27545e-22be-5387-bbcc-7b70abf7cb7a,0ed3c6ae-9a69-4458-aac5-b6c3342c8954,23900,0,100,2,Cold Drinks & Juices,Soft Drinks,Pepsi Zero Sugar Soft Drink,Pepsi,24000,6 x 330 ml
14/07/25 12:31:36,f2545f10-4247-438c-9187-e075d9569761,0ed3c6ae-9a69-4458-aac5-b6c3342c8954,25500,15,4500,2,Cold Drinks & Juices,Vegan Drinks,So Good Caramel Oat Drink,So Good,30000,1 L
14/07/25 12:31:36,4128dea8-15b9-47bc-8bc1-41ee374c8425,0ed3c6ae-9a69-4458-aac5-b6c3342c8954,39000,34,20900,1,Cold Drinks & Juices,Soda & Mixers,Jimmy's Cocktails Assorted Flavoured Sparkling Water,Jimmy's Cocktails,59900,1.5 L
14/07/25 12:31:36,fd6aa39f-b156-48fe-9768-d7a4660a9611,0ed3c6ae-9a69-4458-aac5-b6c3342c8954,27000,0,0,1,Cold Drinks & Juices,Instant Drink Mixes,Mapro Rose Sharbat,Mapro,27000,1 L
14/07/25 12:31:36,5da64a10-508b-4244-a5f2-08fbeddbc004,0ed3c6ae-9a69-4458-aac5-b6c3342c8954,3600,10,400,6,Cold Drinks & Juices,Milk Drinks,Epigamia Strawberry Milkshake,Epigamia,4000,180 ml
14/07/25 12:31:36,16d778d3-e672-48c3-a500-fff6e350befe,0ed3c6ae-9a69-4458-aac5-b6c3342c8954,5000,0,0,4,Cold Drinks & Juices,Instant Drink Mixes,Del Monte Chocolate Syrup,Del Monte,5000,
14/07/25 12:31:36,f161b6f1-7050-4e28-8452-67a91c900361,0ed3c6ae-9a69-4458-aac5-b6c3342c8954,24500,2,500,4,Cold Drinks & Juices,Vegan Drinks,Urban Platter Almond Beverage,Urban Platter,25000,1 L
14/07/25 12:31:36,94709a94-d342-47bd-9452-b19212931ec8,0ed3c6ae-9a69-4458-aac5-b6c3342c8954,19900,44,16100,2,Cold Drinks & Juices,Water,Booster Water Alkaline Mineral Water,Booster Water,36000,4 x 500 ml
14/07/25 12:31:36,b9f03663-6a38-50c0-a11e-47c7fc35080b,0ed3c6ae-9a69-4458-aac5-b6c3342c8954,9200,7,700,2,Cold Drinks & Juices,Non-Alcoholic & Energy Drink,Coolberg Malt Non Alcoholic Beer,Coolberg,9900,330 ml
14/07/25 12:31:36,db9e3e5c-15a9-473e-87f5-c388056c282a,0ed3c6ae-9a69-4458-aac5-b6c3342c8954,9900,29,4100,1,Cold Drinks & Juices,Fruit Juices & Drinks,B Natural Litchi Fruit Juice,B Natural,14000,1 L
14/07/25 12:31:36,8395715f-fa33-4cd6-891c-9f129c7e5a1e,0ed3c6ae-9a69-4458-aac5-b6c3342c8954,6800,2,200,4,Cold Drinks & Juices,Water,O'cean Beverages Peach and Passion Water,O'cean Beverages,7000,500 ml
14/07/25 12:31:36,33d5449b-722c-5edf-b7af-f8efc4945757,0ed3c6ae-9a69-4458-aac5-b6c3342c8954,6800,0,0,1,Cold Drinks & Juices,Soft Drinks,Pepsi Soft Drink,Pepsi,6800,1.25 L
14/07/25 12:31:36,28cb5fcf-bd72-4248-a171-9aa893411042,0ed3c6ae-9a69-4458-aac5-b6c3342c8954,15000,0,0,2,Cold Drinks & Juices,Vegan Drinks,So Good Plant Based Soy Milk,So Good,15000,1 L
14/07/25 12:31:36,0ee662fb-c4d9-4ac5-aca7-ac0d2bcd82b1,0ed3c6ae-9a69-4458-aac5-b6c3342c8954,42500,0,0,2,Cold Drinks & Juices,Soda & Mixers,Monin Mojito Mint Syrup for Cocktails | Mocktails Mixers,Monin,42500,250 ml
14/07/25 12:31:36,e89b2925-1868-5801-9d15-02f5743c2d4a,0ed3c6ae-9a69-4458-aac5-b6c3342c8954,24500,23,7500,2,Cold Drinks & Juices,Instant Drink Mixes,Rasna Orange Instant Drink Mix,Rasna,32000,
14/07/25 12:31:36,a8197685-57fd-51a4-a9f5-4a83f31bd38f,0ed3c6ae-9a69-4458-aac5-b6c3342c8954,2000,0,0,1,Cold Drinks & Juices,Soft Drinks,Bombay Banta Black Jeera Soda,Bombay Banta,2000,250 ml
14/07/25 12:31:36,182024f9-7363-463d-81e1-e8f76b8255d2,0ed3c6ae-9a69-4458-aac5-b6c3342c8954,9300,6,600,2,Cold Drinks & Juices,Non-Alcoholic & Energy Drink,3 Sisters Strawberry Non-Alcoholic Beer,3 Sisters,9900,
14/07/25 12:31:36,7e4f9a89-5196-4c6b-8eaa-ba09558fdfbc,0ed3c6ae-9a69-4458-aac5-b6c3342c8954,13700,5,800,1,Cold Drinks & Juices,Vegan Drinks,So Good Plant Based Soy Beverage,So Good,14500,1 L
14/07/25 12:31:36,334ae91c-5627-4432-9cf2-5af50f0b2fef,0ed3c6ae-9a69-4458-aac5-b6c3342c8954,6800,2,200,4,Cold Drinks & Juices,Water,O'cean Beverages Pink Guava Flavoured Water,O'cean Beverages,7000,500 ml
14/07/25 12:31:36,b079302b-8348-4d92-9440-192e1d5ab172,0ed3c6ae-9a69-4458-aac5-b6c3342c8954,42500,0,0,2,Cold Drinks & Juices,Soda & Mixers,Monin Bleu Curacao Syrup for Cocktail |Mocktails | Mixers,Monin,42500,250 ml
14/07/25 12:31:36,256fedcb-6e3b-4cd1-bb7f-20722984134b,0ed3c6ae-9a69-4458-aac5-b6c3342c8954,4000,0,0,6,Cold Drinks & Juices,Soft Drinks,Mountain Dew Lemon Soft Drink,Mountain Dew,4000,300 ml
14/07/25 12:31:36,8caf881b-e554-561d-9e21-c911cd74a906,0ed3c6ae-9a69-4458-aac5-b6c3342c8954,18400,20,4600,1,Cold Drinks & Juices,Fruit Juices & Drinks,Raw Pressery Coconut Water,Raw Pressery,23000,
14/07/25 12:31:36,7f36dd0f-391e-4555-bc7b-2d0b2450756a,0ed3c6ae-9a69-4458-aac5-b6c3342c8954,6800,2,200,4,Cold Drinks & Juices,Water,O'cean Beverages Crispy Apple Flavoured Water,O'cean Beverages,7000,500 ml
14/07/25 12:31:36,bc337e29-ee12-4e25-88ea-68592fc57a09,0ed3c6ae-9a69-4458-aac5-b6c3342c8954,8400,6,600,2,Cold Drinks & Juices,Instant Drink Mixes,Dabur Hommade Lemon Concentrated Liquid,Dabur Hommade,9000,250 ml
14/07/25 12:31:36,e4881806-5700-4e57-bf3a-39b823ced964,0ed3c6ae-9a69-4458-aac5-b6c3342c8954,9200,7,700,4,Cold Drinks & Juices,Non-Alcoholic & Energy Drink,Coolberg Ginger Non Alcoholic Beer,Coolberg,9900,330 ml
14/07/25 12:31:36,0e2c0b85-cf40-4df3-8966-3f1619f7427d,0ed3c6ae-9a69-4458-aac5-b6c3342c8954,4000,0,0,6,Cold Drinks & Juices,Soft Drinks,Pepsi Soft Drink,Pepsi,4000,
14/07/25 12:31:36,87d81ce1-5e46-4b5d-af27-68de3740351c,0ed3c6ae-9a69-4458-aac5-b6c3342c8954,24000,0,0,3,Cold Drinks & Juices,Water,Evocus Cranberry Electrolytes Mix Powder,Evocus,24000,6 x 70 g
14/07/25 12:31:36,f439bcaf-cc33-4147-b510-be52a1c98604,0ed3c6ae-9a69-4458-aac5-b6c3342c8954,4000,0,0,1,Cold Drinks & Juices,Milk Drinks,Hershey's Almond Milk Shake,Hershey's,4000,180 ml
14/07/25 12:31:36,ba0f5c01-e3d8-5e2a-b1bf-e45b23faa411,0ed3c6ae-9a69-4458-aac5-b6c3342c8954,13000,0,0,2,Cold Drinks & Juices,Fruit Juices & Drinks,Frooti Mango Drink,Frooti,13000,
14/07/25 12:31:36,294268bd-d554-4617-90cb-896e725d233b,0ed3c6ae-9a69-4458-aac5-b6c3342c8954,38300,7,3200,4,Cold Drinks & Juices,Instant Drink Mixes,Glucon D Tangy Orange Glucose-D,Glucon D,41500,1 kg
14/07/25 12:31:36,5fb72847-2447-4ddd-83a6-f21658383b2f,0ed3c6ae-9a69-4458-aac5-b6c3342c8954,42500,0,0,2,Cold Drinks & Juices,Soda & Mixers,Monin Strawberry Syrup for Cocktail | Mocktails |Slush,Monin,42500,
14/07/25 12:31:36,3e6611f0-02be-4bcb-a652-0f2fd353ad12,0ed3c6ae-9a69-4458-aac5-b6c3342c8954,1900,5,100,6,Cold Drinks & Juices,Milk Drinks,Smoodh Lassi,Smoodh,2000,
14/07/25 12:31:44,93fe97ec-e485-5bbe-abd7-643993f630d7,0ed3c6ae-9a69-4458-aac5-b6c3342c8954,2000,0,0,4,Cold Drinks & Juices,Soft Drinks,Bombay Banta Masala Cola Soda,Bombay Banta,2000,250 ml
14/07/25 12:31:44,11bf7f1a-4d21-4908-807d-0207a36b06fe,0ed3c6ae-9a69-4458-aac5-b6c3342c8954,24000,0,0,1,Cold Drinks & Juices,Water,Evocus Tangerine Electrolytes Mix Powder,Evocus,24000,6 x 70 g
14/07/25 12:31:44,aa674d45-65b0-42c4-8d90-cab173044df2,0ed3c6ae-9a69-4458-aac5-b6c3342c8954,16800,37,10200,2,Cold Drinks & Juices,Instant Drink Mixes,Del Monte Chocolate Flavoured Syrup,Del Monte,27000,600 g
14/07/25 12:31:44,fe577fff-caca-5a56-bf36-3e7a79d1ef75,0ed3c6ae-9a69-4458-aac5-b6c3342c8954,23900,0,100,1,Cold Drinks & Juices,Soft Drinks,Mountain Dew Soft Drink,Mountain Dew,24000,300 ml x 6
14/07/25 12:31:44,c7e3b6d7-beea-4a13-bc67-490892e34b14,0ed3c6ae-9a69-4458-aac5-b6c3342c8954,11700,10,1300,5,Cold Drinks & Juices,Fruit Juices & Drinks,Tropicana Delight Mixed Fruit Juice,Tropicana Delight,13000,1 L
14/07/25 12:31:44,955d8c32-0e4c-4496-8ca7-526192e360da,0ed3c6ae-9a69-4458-aac5-b6c3342c8954,36000,0,0,2,Cold Drinks & Juices,Soda & Mixers,Schweppes Tonic Water,Schweppes,36000,6 x 300 ml
14/07/25 12:31:44,1dc98b90-5a16-42f0-8e17-3c16385a8625,0ed3c6ae-9a69-4458-aac5-b6c3342c8954,1900,5,100,6,Cold Drinks & Juices,Soft Drinks,Bombay Banta Masala Soda Soft Drink,Bombay Banta,2000,
14/07/25 12:31:44,f8dafd0c-5144-44d4-ba30-216fd6186808,0ed3c6ae-9a69-4458-aac5-b6c3342c8954,24000,0,0,2,Cold Drinks & Juices,Water,Evocus Lime and Yuzu Electrolytes Mix Powder,Evocus,24000,6 x 70 g
14/07/25 12:31:44,04ab85cf-46ba-4198-b169-7b1a0a60630a,0ed3c6ae-9a69-4458-aac5-b6c3342c8954,9200,7,700,2,Cold Drinks & Juices,Non-Alcoholic & Energy Drink,Coolberg Peach Flavoured Non Alcoholic Beer,Coolberg,9900,300 ml
14/07/25 12:31:44,fbf59b49-a8cc-54d7-bc46-703d25b5dbdd,0ed3c6ae-9a69-4458-aac5-b6c3342c8954,37400,9,4100,4,Cold Drinks & Juices,Instant Drink Mixes,Glucon D Nimbu Pani Glucose Powder,Glucon D,41500,1 kg
14/07/25 12:31:44,c38834a8-dff2-55b3-957d-ff40634f3596,0ed3c6ae-9a69-4458-aac5-b6c3342c8954,5100,15,900,4,Cold Drinks & Juices,Non-Alcoholic & Energy Drink,Fast&Up Reload Zero Sugar Energy Drink - Refreshing Orange Flavour,Fast&up,6000,
14/07/25 12:31:44,0062e741-9897-47dc-96ec-01515496b5f5,0ed3c6ae-9a69-4458-aac5-b6c3342c8954,6800,2,200,3,Cold Drinks & Juices,Water,O'cean Beverages Mango and Passion Flavoured Drink,O'cean Beverages,7000,500 ml
14/07/25 12:31:44,ce192409-b703-5bf5-80ee-5e1c39af522d,0ed3c6ae-9a69-4458-aac5-b6c3342c8954,19900,11,2600,2,Cold Drinks & Juices,Instant Drink Mixes,Rasna Native Haat Aam Panna Instant Powder Mix,Rasna,22500,
14/07/25 12:31:44,1f0429e4-643b-47f4-8247-0838e7dbf834,0ed3c6ae-9a69-4458-aac5-b6c3342c8954,15500,0,0,2,Cold Drinks & Juices,Vegan Drinks,Sofit Chocolate Soy Milk,Sofit,15500,1 L
14/07/25 12:31:44,30277488-5238-44d7-a378-efaca3944b80,0ed3c6ae-9a69-4458-aac5-b6c3342c8954,36000,0,0,1,Cold Drinks & Juices,Soda & Mixers,Schweppes Ginger Ale,Schweppes,36000,6 x 300 ml
14/07/25 12:31:44,b3141ce9-160c-4822-9a47-4cb4b92b0921,0ed3c6ae-9a69-4458-aac5-b6c3342c8954,5100,15,900,1,Cold Drinks & Juices,Non-Alcoholic & Energy Drink,Fast&Up Reload Low Sugar Energy Drink - Tasty Lemon Blast,Fast&up,6000,500 ml
14/07/25 12:31:44,c7e12144-d983-4d6d-b2c7-f33a58105ca2,0ed3c6ae-9a69-4458-aac5-b6c3342c8954,2000,0,0,16,Cold Drinks & Juices,Soda & Mixers,Bisleri Soda,Bisleri,2000,750 ml
14/07/25 12:31:44,a7288be6-0ec9-5583-b325-285fc0693438,0ed3c6ae-9a69-4458-aac5-b6c3342c8954,10000,0,0,1,Cold Drinks & Juices,Fruit Juices & Drinks,Appy Apple Juice,Appy,10000,10 x 125 ml
14/07/25 12:31:44,418070da-b432-4bfc-a83e-820bb40b02b8,0ed3c6ae-9a69-4458-aac5-b6c3342c8954,6600,4,300,2,Cold Drinks & Juices,Vegan Drinks,Alt Co. Oat Milk,Alt Co.,6900,180 ml
14/07/25 12:31:44,32f931e3-dfdf-5f54-b1ba-51e26065198c,0ed3c6ae-9a69-4458-aac5-b6c3342c8954,8000,0,0,2,Cold Drinks & Juices,Water,Evocus Hydration I.V. Electrolytes Drink - Hydration Drink | Blueberry,Evocus,8000,500 ml
14/07/25 12:31:44,f61a07db-b460-4b28-9f45-3dcdccdb565e,0ed3c6ae-9a69-4458-aac5-b6c3342c8954,27000,0,0,2,Cold Drinks & Juices,Instant Drink Mixes,Mapro Khus Sharbat,Mapro,27000,1 L
14/07/25 12:31:44,885a27b0-0c46-4a25-9ab1-44e99d8a38a4,0ed3c6ae-9a69-4458-aac5-b6c3342c8954,6800,2,200,3,Cold Drinks & Juices,Water,O'cean Beverages Strawberry and lime Water,O'cean Beverages,7000,500 ml
14/07/25 12:31:44,0fbdf1f3-fcc8-5ae5-aeb2-ac724afd0bef,0ed3c6ae-9a69-4458-aac5-b6c3342c8954,14300,4,700,1,Cold Drinks & Juices,Fruit Juices & Drinks,Raw Pressery Pomegranate Fruit Juice,Raw Pressery,15000,250 ml
14/07/25 12:31:44,1b49691d-a7ae-5fd8-a665-70dcb688c3fa,0ed3c6ae-9a69-4458-aac5-b6c3342c8954,8000,20,2000,5,Cold Drinks & Juices,Instant Drink Mixes,Rebound Mango Anti Hangover Drink,Rebound,10000,
14/07/25 12:31:44,e411a29d-62b8-40e7-ae4b-899409b8e191,0ed3c6ae-9a69-4458-aac5-b6c3342c8954,14600,5,900,2,Cold Drinks & Juices,Vegan Drinks,Sofit Vanilla Soy Milk,Sofit,15500,1 L
14/07/25 12:31:44,371714d8-540a-5fa8-af65-61d42a07b95a,0ed3c6ae-9a69-4458-aac5-b6c3342c8954,15300,4,700,1,Cold Drinks & Juices,Soft Drinks,Mountain Dew Lemon Soft Drink,Mountain Dew,16000,8 x 250 ml
14/07/25 12:31:44,2ecec74c-989d-479a-ba3c-2962579b5b19,0ed3c6ae-9a69-4458-aac5-b6c3342c8954,20800,5,1100,4,Cold Drinks & Juices,Instant Drink Mixes,Glucon D Tangy Orange Instant Powder Mix,Glucon D,21900,450 g
14/07/25 12:31:44,b3643d4a-3f45-5d94-bce1-18ea41cd1c98,0ed3c6ae-9a69-4458-aac5-b6c3342c8954,37500,0,0,1,Cold Drinks & Juices,Water,Johnnie Walker Luxe Blended Water,Johnnie Walker,37500,750 ml
14/07/25 12:31:44,c0df9a9c-dbd6-4526-8ddc-837ecc0ab248,0ed3c6ae-9a69-4458-aac5-b6c3342c8954,2000,50,2000,3,Cold Drinks & Juices,Fruit Juices & Drinks,Raw Pressery Refreshers Aam Mango Juice,Raw Pressery,4000,
14/07/25 12:31:44,f435b4f0-20d3-4665-b5d9-80a79488531d,0ed3c6ae-9a69-4458-aac5-b6c3342c8954,6800,2,200,4,Cold Drinks & Juices,Water,O'cean Beverages Lychee Flavoured Water,O'cean Beverages,7000,500 ml
14/07/25 12:31:44,806a1efe-7b24-4562-94c8-f325744580b3,0ed3c6ae-9a69-4458-aac5-b6c3342c8954,12300,1,200,2,Cold Drinks & Juices,Vegan Drinks,Urban Platter Unsweetened Coconut Milk,Urban Platter,12500,
14/07/25 12:31:44,9ac6a26f-ecf5-4650-b7e9-ace1e043ecee,0ed3c6ae-9a69-4458-aac5-b6c3342c8954,13500,10,1500,4,Cold Drinks & Juices,Instant Drink Mixes,Tang Orange Instant Drink Mix,Tang,15000,500 g
14/07/25 12:31:49,1b3e318f-a8cc-40e0-a46d-b3d50d2900ed,0ed3c6ae-9a69-4458-aac5-b6c3342c8954,16500,0,0,2,Cold Drinks & Juices,Vegan Drinks,KLF Coconad Coconut Milk,KLF,16500,400 ml
14/07/25 12:31:49,f2671bc9-c352-44c2-a658-a7dc2af969d2,0ed3c6ae-9a69-4458-aac5-b6c3342c8954,7400,47,6600,2,Cold Drinks & Juices,Fruit Juices & Drinks,B Natural Guava Fruit Juice,B Natural,14000,1 L
14/07/25 12:31:49,f617bbb2-92a2-45ea-98e8-06fef1531c6c,0ed3c6ae-9a69-4458-aac5-b6c3342c8954,15300,10,1700,4,Cold Drinks & Juices,Instant Drink Mixes,Tang Mango Instant Drink Mix,Tang,17000,500 g
14/07/25 12:31:49,27045270-9ba5-4ad0-87be-fce379074cc3,0ed3c6ae-9a69-4458-aac5-b6c3342c8954,7500,0,0,2,Cold Drinks & Juices,Vegan Drinks,So Good Plant Based Oat Beverage,So Good,7500,200 ml
14/07/25 12:31:49,fad5ae25-2eda-5846-842c-d70020fef2d4,0ed3c6ae-9a69-4458-aac5-b6c3342c8954,12000,20,3000,1,Cold Drinks & Juices,Milk Drinks,Maiva Pro Vanilla 20g Plant Protein 20 Multivitamin VEGan Shake,Maiva Fresh,15000,
14/07/25 12:31:49,84d519a1-65e1-4ecc-99b4-7fd8c3d2740b,0ed3c6ae-9a69-4458-aac5-b6c3342c8954,2000,50,2000,3,Cold Drinks & Juices,Fruit Juices & Drinks,Raw Pressery Sugarcane Juice,Raw Pressery,4000,
14/07/25 12:31:49,ab9aafad-59d5-459f-a419-6550e199b8e5,0ed3c6ae-9a69-4458-aac5-b6c3342c8954,5800,3,200,7,Cold Drinks & Juices,Soda & Mixers,Schweppes Ginger Ale,Schweppes,6000,300 ml
14/07/25 12:31:49,a89f160a-f479-44fc-af48-645438aca805,0ed3c6ae-9a69-4458-aac5-b6c3342c8954,36000,39,23900,4,Cold Drinks & Juices,Soft Drinks,Prime Hydration Imported Lemon and Lime Soft Drink,Prime Hydration,59900,
14/07/25 12:31:49,973a2bb4-ae0f-5627-9535-213149d5b97d,0ed3c6ae-9a69-4458-aac5-b6c3342c8954,15300,10,1700,4,Cold Drinks & Juices,Instant Drink Mixes,Tang Lemon Instant Drink Mix,Tang,17000,500 g
14/07/25 12:31:49,d65b9549-5a7d-4406-8884-42bc2ff8209f,0ed3c6ae-9a69-4458-aac5-b6c3342c8954,12200,9,1300,2,Cold Drinks & Juices,Milk Drinks,Phab 18g Protein Mango Magic Milkshake,Phab,13500,180 ml
14/07/25 12:31:49,c83cdc84-46f6-43cc-b8d3-c72ca8691f84,0ed3c6ae-9a69-4458-aac5-b6c3342c8954,5500,0,0,12,Cold Drinks & Juices,Soda & Mixers,Catch Lemon Diet Soda,Catch,5500,750 ml
14/07/25 12:31:49,f0f22745-c210-42a1-8cfe-2b5059f50829,0ed3c6ae-9a69-4458-aac5-b6c3342c8954,24000,0,0,6,Cold Drinks & Juices,Soft Drinks,Lahori Zeera Carbonated Soft Drink,Lahori Zeera,24000,24 x 160 ml
14/07/25 12:31:49,9fe4f691-68cf-422a-adf8-95d9c1186a2b,0ed3c6ae-9a69-4458-aac5-b6c3342c8954,2000,0,0,2,Cold Drinks & Juices,Water,Dasani Mineral Water,Dasani,2000,1 L
14/07/25 12:31:49,6f45ae54-eb97-4d02-b801-3f4d2d9e529d,0ed3c6ae-9a69-4458-aac5-b6c3342c8954,1600,20,400,6,Cold Drinks & Juices,Milk Drinks,Mother Dairy Rabri Lassi,Mother Dairy,2000,
14/07/25 12:31:49,0f51f87d-652e-4eba-967f-6820091a0b5a,0ed3c6ae-9a69-4458-aac5-b6c3342c8954,2700,32,1300,24,Cold Drinks & Juices,Soft Drinks,Coke Zero Cola Diet Soft Drink,Coke Zero,4000,750 ml
14/07/25 12:31:49,2a96eaee-44a4-5dcc-a318-cdbd58599cac,0ed3c6ae-9a69-4458-aac5-b6c3342c8954,7900,50,7900,3,Cold Drinks & Juices,Fruit Juices & Drinks,B Natural Mixed Fruit | No Added Sugar,B Natural,15800,750 ml
14/07/25 12:31:49,f1d2aeb4-da3e-58f5-ac09-327958aeef6e,0ed3c6ae-9a69-4458-aac5-b6c3342c8954,37400,9,4100,2,Cold Drinks & Juices,Instant Drink Mixes,Glucon D Mango Blast Glucose Powder,Glucon D,41500,
14/07/25 12:31:49,1a43206d-b043-4fa8-858d-b3fa391fd23f,0ed3c6ae-9a69-4458-aac5-b6c3342c8954,11800,12,1700,1,Cold Drinks & Juices,Vegan Drinks,Real Thai Imported Coconut Milk,Real Thai,13500,
14/07/25 12:31:49,4b56d5ef-1a35-559a-92ef-210cef9f00b4,0ed3c6ae-9a69-4458-aac5-b6c3342c8954,23500,7,2000,3,Cold Drinks & Juices,Instant Drink Mixes,Glucon D Glucose Powder,Glucon D,25500,1 kg
14/07/25 12:31:49,87c7d2ec-d19e-4f09-afa9-b44b06f0d47f,0ed3c6ae-9a69-4458-aac5-b6c3342c8954,6700,4,300,3,Cold Drinks & Juices,Fruit Juices & Drinks,Raw Pressery Tender Coconut Water,Raw Pressery,7000,200 ml
14/07/25 12:31:49,adaa0848-5ea8-40e7-87ab-3f730c337207,0ed3c6ae-9a69-4458-aac5-b6c3342c8954,11600,3,400,1,Cold Drinks & Juices,Soda & Mixers,Jimmy's Cocktails Whiskey Sour Assorted Flavoured Cocktail Mixer,Jimmy's Cocktails,12000,250 ml
14/07/25 12:31:49,ed366df2-2b5e-4183-8ecb-8014f9dbbfbc,0ed3c6ae-9a69-4458-aac5-b6c3342c8954,12600,10,1400,4,Cold Drinks & Juices,Instant Drink Mixes,Glucon D Glucose Powder,Glucon D,14000,500 g
14/07/25 12:31:49,f2a8f599-c2f2-5098-b843-4d1eb7af38ee,0ed3c6ae-9a69-4458-aac5-b6c3342c8954,7500,0,0,2,Cold Drinks & Juices,Vegan Drinks,So Good Caramel Oat Milk,So Good,7500,200 ml
14/07/25 12:31:49,f0fc5577-7515-57c2-9b1e-e3ae8b04d34e,0ed3c6ae-9a69-4458-aac5-b6c3342c8954,8000,0,0,2,Cold Drinks & Juices,Water,Evocus Hydration I.V. Electrolytes Drink - Hydration Drink | Tangerine,Evocus,8000,500 ml
14/07/25 12:31:49,43d45dfe-7844-549d-9c51-2738a21598f3,0ed3c6ae-9a69-4458-aac5-b6c3342c8954,5500,8,500,1,Cold Drinks & Juices,Soda & Mixers,Malaki Soda Water,Malaki,6000,
14/07/25 12:31:49,cec3fe09-580e-4521-982a-787316146b3f,0ed3c6ae-9a69-4458-aac5-b6c3342c8954,3800,5,200,1,Cold Drinks & Juices,Vegan Drinks,Sofit Vanilla Soy Milk,Sofit,4000,180 ml
14/07/25 12:31:49,cd89ff67-e0cd-5b8c-94a5-066736a8d69d,0ed3c6ae-9a69-4458-aac5-b6c3342c8954,7900,50,7900,3,Cold Drinks & Juices,Fruit Juices & Drinks,B Natural Guava | No Added Sugar,B Natural,15800,750 ml
14/07/25 12:31:49,072398c1-136b-4a51-841c-72f171c1c4a8,0ed3c6ae-9a69-4458-aac5-b6c3342c8954,36000,39,23900,2,Cold Drinks & Juices,Non-Alcoholic & Energy Drink,Prime Hydration Orange Energy Drink,Prime Hydration,59900,
14/07/25 12:31:49,56c4948c-9e24-4574-a79c-17524690d449,0ed3c6ae-9a69-4458-aac5-b6c3342c8954,59400,0,500,2,Cold Drinks & Juices,Non-Alcoholic & Energy Drink,Prime Hydration Imported Ice Pop Sport Drink,Prime Hydration,59900,
14/07/25 12:31:49,88c92373-5988-438b-bba1-1abaeeef1f03,0ed3c6ae-9a69-4458-aac5-b6c3342c8954,7400,50,7400,1,Cold Drinks & Juices,Fruit Juices & Drinks,B Natural Tender Coconut Water,B Natural,14800,750 ml
14/07/25 12:31:49,60054db0-d7af-4a20-8eea-6a455b72da32,0ed3c6ae-9a69-4458-aac5-b6c3342c8954,9900,0,0,3,Cold Drinks & Juices,Soda & Mixers,Gunsberg Grapefruit Ale,Gunsberg,9900,325 ml
14/07/25 12:31:49,74535b56-df20-4106-9c91-ffb3369596ae,0ed3c6ae-9a69-4458-aac5-b6c3342c8954,3500,0,0,12,Cold Drinks & Juices,Milk Drinks,Amul Kool Cafe Milk 'N' Coffee Tin,Amul,3500,200 ml
14/07/25 12:31:51,65eee6a5-f841-5bf6-86d7-a264028eaa53,0ed3c6ae-9a69-4458-aac5-b6c3342c8954,6500,0,0,2,Cold Drinks & Juices,Soft Drinks,Bloody Bubbly Paan Soda,Bloody Bubbly,6500,250 ml
14/07/25 12:31:51,b78da878-4309-4166-887d-2db56979fc8c,0ed3c6ae-9a69-4458-aac5-b6c3342c8954,8900,0,0,10,Cold Drinks & Juices,Instant Drink Mixes,Glucon-D Tangy Orange Glucose Powder,Glucon D,8900,200 g
14/07/25 12:31:51,44241085-083b-4a43-9f17-8a7f3d91bcde,0ed3c6ae-9a69-4458-aac5-b6c3342c8954,11800,1,200,1,Cold Drinks & Juices,Soda & Mixers,Jimmy's Cocktails Green Apple Martini Cocktail Mixer,Jimmy's Cocktails,12000,
14/07/25 12:31:51,f062ea63-b25a-4bf3-af4a-2906c8cdfbda,0ed3c6ae-9a69-4458-aac5-b6c3342c8954,36000,39,23900,3,Cold Drinks & Juices,Non-Alcoholic & Energy Drink,Prime Hydration Imported Organic Strawberry and Banana Sport Drink,Prime Hydration,59900,
14/07/25 12:31:51,2b7f8dcc-51fe-5719-aae9-a56631d36a1c,0ed3c6ae-9a69-4458-aac5-b6c3342c8954,7700,14,1300,1,Cold Drinks & Juices,Milk Drinks,Phab Double Chocolate Protein Milkshake,Phab,9000,
14/07/25 12:31:51,35d64ca4-1c28-52f4-af91-22348822875f,0ed3c6ae-9a69-4458-aac5-b6c3342c8954,14000,9,1500,3,Cold Drinks & Juices,Instant Drink Mixes,Glucon-D Regular Glucose Powder,Glucon D,15500,500 g
14/07/25 12:31:51,cac0e3f8-8ea6-45a9-a266-7d3263b29bfb,0ed3c6ae-9a69-4458-aac5-b6c3342c8954,59400,0,500,2,Cold Drinks & Juices,Non-Alcoholic & Energy Drink,Prime Hydration Tropical Energy Drink,Prime Hydration,59900,
14/07/25 12:31:51,da054b42-f7b8-554e-b9a9-02ab701551da,0ed3c6ae-9a69-4458-aac5-b6c3342c8954,8100,10,900,2,Cold Drinks & Juices,Milk Drinks,Phab Kulfi Caramel Protein Milkshake,Phab,9000,
14/07/25 12:31:51,767a27bc-44ee-408e-ae68-f0c6af13c8ef,0ed3c6ae-9a69-4458-aac5-b6c3342c8954,5500,0,0,12,Cold Drinks & Juices,Soda & Mixers,Catch Black Currant Soda,Catch,5500,750 ml
14/07/25 12:31:51,7b14499e-fd56-4157-84c1-7b299959e6ab,0ed3c6ae-9a69-4458-aac5-b6c3342c8954,59400,0,500,2,Cold Drinks & Juices,Non-Alcoholic & Energy Drink,Prime Hydration Blue Raspberry Energy Drink,Prime Hydration,59900,
14/07/25 12:31:51,90c14425-1754-4ded-a5b5-2a40de719666,0ed3c6ae-9a69-4458-aac5-b6c3342c8954,9000,0,0,1,Cold Drinks & Juices,Soft Drinks,Fresca Hazam Jeera Soft Drink,Fresca,9000,1 L
14/07/25 12:31:51,0d77ea63-1a8e-42e9-9de1-533d61a962c2,0ed3c6ae-9a69-4458-aac5-b6c3342c8954,36000,39,23900,3,Cold Drinks & Juices,Non-Alcoholic & Energy Drink,Prime Hydration Strawberry and Watermelon Energy Drink,Prime Hydration,59900,
14/07/25 12:31:51,ebf9cb68-3e0b-598e-8633-217f68462c38,0ed3c6ae-9a69-4458-aac5-b6c3342c8954,17900,29,7600,2,Cold Drinks & Juices,Instant Drink Mixes,Dabur Health Care Lemon Glucoplus-C,Dabur Health Care,25500,400 g
14/07/25 12:31:51,aa3182dd-ef0f-48c6-ae0c-171b17e86912,0ed3c6ae-9a69-4458-aac5-b6c3342c8954,2500,0,0,15,Cold Drinks & Juices,Soda & Mixers,Catch Club Soda,Catch,2500,750 ml
14/07/25 12:31:51,4ec4f7d1-0851-480c-accd-e086f2bb9e0f,0ed3c6ae-9a69-4458-aac5-b6c3342c8954,3000,25,1000,12,Cold Drinks & Juices,Soft Drinks,Bisleri Limonata Lemon and Mint Soft Drink,Bisleri,4000,600 ml
14/07/25 12:31:51,414f8701-6191-5ac0-9d92-1e4c2f06a951,0ed3c6ae-9a69-4458-aac5-b6c3342c8954,2000,0,0,2,Cold Drinks & Juices,Milk Drinks,Creambell Kesar Badam Milkshake,Creambell Milkshake,2000,180 ml
14/07/25 12:31:51,62fa720a-0762-4c1a-89ce-3a336556137f,0ed3c6ae-9a69-4458-aac5-b6c3342c8954,36000,39,23900,2,Cold Drinks & Juices,Non-Alcoholic & Energy Drink,Prime Hydration Meta Moon Energy Drink,Prime Hydration,59900,
14/07/25 12:31:51,14fcf9b1-4642-5381-b6f0-2e64c31df308,0ed3c6ae-9a69-4458-aac5-b6c3342c8954,7700,3,300,2,Cold Drinks & Juices,Milk Drinks,Baskin Robbins Dark Chocolate Milkshake,Baskin Robbins,8000,
14/07/25 12:31:51,d60e1546-50f4-567b-996a-530574d7ff5d,0ed3c6ae-9a69-4458-aac5-b6c3342c8954,6900,23,2100,1,Cold Drinks & Juices,Milk Drinks,Phab Pista Protein Milkshake,Phab,9000,
14/07/25 12:31:51,69ca0f14-1d7d-4bc9-a854-911cbda8c2ba,0ed3c6ae-9a69-4458-aac5-b6c3342c8954,24000,0,0,1,Cold Drinks & Juices,Soft Drinks,Coca Cola Soft Drink Can,Coca Cola,24000,6 x 300 ml
14/07/25 12:31:51,985b965d-1ef4-56c9-afec-f449569b43f2,0ed3c6ae-9a69-4458-aac5-b6c3342c8954,20600,5,1300,2,Cold Drinks & Juices,Instant Drink Mixes,Glucon-D Mango Blast Glucose Powder,Glucon D,21900,450 gm
14/07/25 12:31:51,af455e3e-2c57-48e8-91ec-38eb381ebb49,0ed3c6ae-9a69-4458-aac5-b6c3342c8954,32500,34,17400,1,Cold Drinks & Juices,Non-Alcoholic & Energy Drink,Prime Hydration Original Flavour Energy Drink,Prime Hydration,49900,
14/07/25 12:31:51,46c80a56-d9e3-484f-9d8f-748755344029,0ed3c6ae-9a69-4458-aac5-b6c3342c8954,4000,0,0,24,Cold Drinks & Juices,Soft Drinks,Coke Zero Cola Diet Soft Drink Can,Coke Zero,4000,300 ml
14/07/25 12:31:51,237a1efa-8d2b-40b1-b2db-a4173e6a391d,0ed3c6ae-9a69-4458-aac5-b6c3342c8954,3000,0,0,12,Cold Drinks & Juices,Instant Drink Mixes,Tang Orange Instant Drink Mix,Tang,3000,75 g
14/07/25 12:31:51,0375d48e-ec93-59bb-a721-f30b96250f11,0ed3c6ae-9a69-4458-aac5-b6c3342c8954,7700,3,300,1,Cold Drinks & Juices,Milk Drinks,Baskin Robbins Hazelnut Chocolate Milkshake,Baskin Robbins,8000,
14/07/25 12:31:51,e885899b-afda-56c1-abaa-60a16d356cb9,0ed3c6ae-9a69-4458-aac5-b6c3342c8954,8900,0,0,6,Cold Drinks & Juices,Instant Drink Mixes,Glucon D Nimbu Pani Instant Drink Mix,Glucon D,8900,
14/07/25 12:31:51,6cd56267-a255-4c13-bf5b-4fbec991ede7,0ed3c6ae-9a69-4458-aac5-b6c3342c8954,9900,0,0,6,Cold Drinks & Juices,Soft Drinks,Sprite Lemon and Lime Soft Drink,Sprite,9900,2 l
14/07/25 12:31:51,e2d0d447-5944-4a0a-851e-dde17830a836,0ed3c6ae-9a69-4458-aac5-b6c3342c8954,11600,3,400,2,Cold Drinks & Juices,Soda & Mixers,Jimmy's Cocktails Cosmopolitan Mixer,Jimmy's Cocktails,12000,250 ml
14/07/25 12:31:51,73df9115-6b06-42e2-ad3a-0bb3ac563f44,0ed3c6ae-9a69-4458-aac5-b6c3342c8954,2500,0,0,14,Cold Drinks & Juices,Milk Drinks,Amul Lassi,Amul,2500,250 ml
14/07/25 12:31:51,53fac634-06b8-48b2-a52d-70a8d1b8cd25,0ed3c6ae-9a69-4458-aac5-b6c3342c8954,5900,1,100,3,Cold Drinks & Juices,Soda & Mixers,Paper Boat Jeera Sparkling Water,Paper Boat,6000,600 ml
14/07/25 12:31:51,7c837ea9-aa21-53be-be14-d96aced5dc6f,0ed3c6ae-9a69-4458-aac5-b6c3342c8954,7800,1,100,1,Cold Drinks & Juices,Instant Drink Mixes,Glucon-D Regular Glucose Powder,Glucon D,7900,250 g
14/07/25 12:31:51,81103b33-92c3-49e5-b9aa-075ee39abec2,0ed3c6ae-9a69-4458-aac5-b6c3342c8954,2700,10,300,6,Cold Drinks & Juices,Soft Drinks,Aloha Strawberry and Lime Flavoured Soft Drink,Aloha,3000,300 ml
14/07/25 12:31:53,adc19512-2412-4e5e-9713-34175d741efd,0ed3c6ae-9a69-4458-aac5-b6c3342c8954,3000,0,0,5,Cold Drinks & Juices,Instant Drink Mixes,Tang Mango Instant Drink Mix,Tang,3000,75 g
14/07/25 12:31:53,032258dc-8745-41ea-894c-b8173cd1544b,0ed3c6ae-9a69-4458-aac5-b6c3342c8954,5500,0,0,3,Cold Drinks & Juices,Soda & Mixers,Catch Clear Peach Soda,Catch,5500,750 ml
14/07/25 12:31:53,d9886db9-6dc3-5f88-a199-1b7d8fcaba71,0ed3c6ae-9a69-4458-aac5-b6c3342c8954,69000,4,3000,2,Cold Drinks & Juices,Non-Alcoholic & Energy Drink,Heineken 0.0% Non Alcoholic Beer,Heineken,72000,6 x 330 ml
14/07/25 12:31:53,621f8a90-e135-4876-afdc-3b23e9a7fc71,0ed3c6ae-9a69-4458-aac5-b6c3342c8954,2700,10,300,4,Cold Drinks & Juices,Soft Drinks,Aloha Peach Flavoured Soft Drink,Aloha,3000,300 ml
14/07/25 12:31:53,572ff61b-ba43-485b-b0f7-3cc827ce5261,0ed3c6ae-9a69-4458-aac5-b6c3342c8954,9000,0,0,14,Cold Drinks & Juices,Milk Drinks,Amul Lassi,Amul,9000,1 L
14/07/25 12:31:53,09ffb229-ed2b-4592-bd44-86b6c64c1be6,0ed3c6ae-9a69-4458-aac5-b6c3342c8954,47600,0,400,5,Cold Drinks & Juices,Non-Alcoholic & Energy Drink,Red Bull Energy Drink,Red Bull,48000,4 x 250 ml
14/07/25 12:31:53,1c81f07f-a521-4408-a5ac-52a7f54b6a60,0ed3c6ae-9a69-4458-aac5-b6c3342c8954,800,20,200,6,Cold Drinks & Juices,Milk Drinks,Mother Dairy Probiotic Tadka Chach,Mother Dairy,1000,
14/07/25 12:31:53,4448f37f-cd15-49a2-80ac-d4cdd92caf6e,0ed3c6ae-9a69-4458-aac5-b6c3342c8954,10200,7,800,2,Cold Drinks & Juices,Soda & Mixers,Sepoy & Co. Pink Rose Lemonade,Sepoy & Co.,11000,200 ml
14/07/25 12:31:53,d4dab9fa-9bf2-426f-90da-c8b4fd9fbb85,0ed3c6ae-9a69-4458-aac5-b6c3342c8954,55000,0,0,2,Cold Drinks & Juices,Non-Alcoholic & Energy Drink,Valentino Red Grape Non Alcoholic Drink,Valentino,55000,750 ml
14/07/25 12:31:53,ea57a3d0-d029-455c-9fa7-8d0ac53e3527,0ed3c6ae-9a69-4458-aac5-b6c3342c8954,5900,1,100,6,Cold Drinks & Juices,Soda & Mixers,Paper Boat Lemon Lime Sparkling Water,Paper Boat,6000,600 ml
14/07/25 12:31:53,fc5959e6-7769-5ba8-8f17-c7e35fe329ee,0ed3c6ae-9a69-4458-aac5-b6c3342c8954,3000,0,0,5,Cold Drinks & Juices,Milk Drinks,Creambell Choco Milkshake,Creambell Milkshake,3000,180 ml
14/07/25 12:31:53,2cd8c150-7bbf-4dcc-aff9-46e44f6c6125,0ed3c6ae-9a69-4458-aac5-b6c3342c8954,8400,1,100,1,Cold Drinks & Juices,Instant Drink Mixes,Glucon D Instant Powder Mix,Glucon D,8500,250 g
14/07/25 12:31:53,541e1b0b-0d05-52bc-b078-9ea73055d8bb,0ed3c6ae-9a69-4458-aac5-b6c3342c8954,5100,15,900,2,Cold Drinks & Juices,Milk Drinks,Lotus Kesar Badam Milk | With Real Bits Of Almonds And Saffron,Lotus Dairy,6000,
14/07/25 12:31:53,9f3dee6a-cefc-4b62-b5e8-05f5854ed750,0ed3c6ae-9a69-4458-aac5-b6c3342c8954,70000,0,0,1,Cold Drinks & Juices,Non-Alcoholic & Energy Drink,Red Bull Energy Drink,Red Bull,70000,6 x 250 ml
14/07/25 12:31:53,a1ecedd7-ef05-5127-bcb1-125fc73e7c56,0ed3c6ae-9a69-4458-aac5-b6c3342c8954,37000,0,0,3,Cold Drinks & Juices,Instant Drink Mixes,Glucon D Tangy Orange Glucose Powder,Glucon D,37000,750 g
14/07/25 12:31:53,61683397-a216-5282-a210-e462b6e8cfe2,0ed3c6ae-9a69-4458-aac5-b6c3342c8954,30000,0,0,1,Cold Drinks & Juices,Non-Alcoholic & Energy Drink,XLR8 Sports Nutrition Orange Energy Drink,XLR8 Sports Nutrition,30000,
14/07/25 12:31:53,ed2fdf2b-b613-554f-86f4-261c8e36f40a,0ed3c6ae-9a69-4458-aac5-b6c3342c8954,8100,10,900,1,Cold Drinks & Juices,Milk Drinks,Phab Coffee Tiramisu Protein Milkshake,Phab,9000,200 ml
14/07/25 12:31:53,5c984eab-ebbb-5e99-8d50-562cfff19d53,0ed3c6ae-9a69-4458-aac5-b6c3342c8954,12000,0,0,1,Cold Drinks & Juices,Instant Drink Mixes,Glucon D Tangy Orange Instant Powder Mix,Glucon D,12000,12 x 22 g
14/07/25 12:31:53,a8448676-9c42-466e-a92e-402498d775ae,0ed3c6ae-9a69-4458-aac5-b6c3342c8954,9000,25,3000,3,Cold Drinks & Juices,Non-Alcoholic & Energy Drink,Heineken Imported Malt Non Alcoholic Beer,Heineken,12000,
14/07/25 12:31:53,f588d282-94e0-4604-a69b-c132416a3f12,0ed3c6ae-9a69-4458-aac5-b6c3342c8954,33000,38,21000,2,Cold Drinks & Juices,Fruit Juices & Drinks,Wow Coco Organic Tender Coconut Water,Wow Coco,54000,6 x 200 ml
14/07/25 12:31:53,812d7770-5a82-5d34-bc9d-a2b3e49b153b,0ed3c6ae-9a69-4458-aac5-b6c3342c8954,9000,10,1000,2,Cold Drinks & Juices,Instant Drink Mixes,Dabur Glucoplus C Orange Pouch Pack,Dabur ,10000,10 x 22 g
14/07/25 12:31:53,2b67c02b-1957-4ebe-b6aa-2a619b7c5c07,0ed3c6ae-9a69-4458-aac5-b6c3342c8954,5100,15,900,1,Cold Drinks & Juices,Milk Drinks,Cavin's Badam Milkshake,Cavin's,6000,170 ml
14/07/25 12:31:53,e847ce7d-f175-48d0-b848-dabbf86d5857,0ed3c6ae-9a69-4458-aac5-b6c3342c8954,9000,0,0,1,Cold Drinks & Juices,Fruit Juices & Drinks,Fresca Litchi Fruit Juice,Fresca,9000,1 L
14/07/25 12:31:53,99dd1019-246f-4e15-b09c-6e6448411315,0ed3c6ae-9a69-4458-aac5-b6c3342c8954,5800,3,200,16,Cold Drinks & Juices,Soda & Mixers,Schweppes Indian Tonic Water,Schweppes,6000,300 ml
14/07/25 12:31:53,9c495b6a-0b9b-5d08-8904-66a3d6b288ec,0ed3c6ae-9a69-4458-aac5-b6c3342c8954,24000,0,0,1,Cold Drinks & Juices,Non-Alcoholic & Energy Drink,Rizz Energy Drink,Rizz,24000,4 x 250 ml
14/07/25 12:31:53,fb6b00bc-f9b6-5293-9a44-138677c956cb,0ed3c6ae-9a69-4458-aac5-b6c3342c8954,9900,0,0,2,Cold Drinks & Juices,Instant Drink Mixes,Mapro Mango Fruit Crush,Mapro,9900,330 ml
14/07/25 12:31:53,33213c7f-2276-46fd-94d7-ce027a3c190e,0ed3c6ae-9a69-4458-aac5-b6c3342c8954,5900,1,100,6,Cold Drinks & Juices,Soda & Mixers,Paper Boat Cranberry Lime Sparkling Water,Paper Boat,6000,
14/07/25 12:31:53,ab0b9694-8b6c-449d-b08d-a6ab9ec4b868,0ed3c6ae-9a69-4458-aac5-b6c3342c8954,2700,10,300,3,Cold Drinks & Juices,Soft Drinks,Aloha Pudina Masala Soft Drink,Aloha,3000,300 ml
14/07/25 12:31:53,4d03566b-bf15-5846-acc7-379140a6c818,0ed3c6ae-9a69-4458-aac5-b6c3342c8954,18000,0,0,3,Cold Drinks & Juices,Fruit Juices & Drinks,Alo Frut Kiwi,Alo Frut,18000,
14/07/25 12:31:53,10320b85-0c03-424f-9655-9fb296c216f4,0ed3c6ae-9a69-4458-aac5-b6c3342c8954,27500,0,0,2,Cold Drinks & Juices,Non-Alcoholic & Energy Drink,Jacob's Creek Unvined Shiraz Non-Alcoholic Red Wine,Jacob's Creek,27500,
14/07/25 12:31:53,ee806c1e-18f6-42d7-91ce-1f309428f330,0ed3c6ae-9a69-4458-aac5-b6c3342c8954,2700,10,300,4,Cold Drinks & Juices,Soft Drinks,Aloha Watermelon and Lime Soft Drink,Aloha,3000,300 ml
14/07/25 12:31:53,969b90f5-d8a9-5262-bf70-4443310965e0,0ed3c6ae-9a69-4458-aac5-b6c3342c8954,11000,8,1000,2,Cold Drinks & Juices,Soda & Mixers,RIO Go Lemon Mojito,RIO,12000,6 x 200 ml
